受注№,製品コード,型式,品名,受注数量,単位名,受注単価,受注金額,仕切単価,仕切金額,仕切率,売差率,製品区分,営業所コード,営業部門コード,営業担当者コード,入力担当コード,得意先コード,得意先名,納入先コード,納入先名,受注取引区分,受注受注取引区分名,単価種別,単価種別名,売上基準,売上基準名,見積番号,版数,見積日,特価フラグ,確定見積フラグ,販売計画連携フラグ,出荷予約フラグ,初回受注登録日,受注日,納期,取消日,年月区分,出荷予定日,売上予定日,客先注文番号,客先担当,定価,契約ハード金額,契約内訳ソフト金額,仕切ハード金額,仕切内訳ソフト金額,生産担当者,ｺﾝﾋﾟｭｰﾀﾒｰｶｰ 及 び 型式,納入先用途 及び 当社分類,消費税区分,消費税率区分,消費税額,通貨区分,インボイス№,機種分類,プリント集計コード,ダイフク受注№,見積件名１,見積件名２,エンドユーザコード,エンドユーザ名,在庫ランク,直送フラグ,
"RAFJJ701","LRAG495","CNT32-8M(PCI)","３２ビット高速アップダウンカウンタボード","1","PC","69750","69750","22051","22051","75","68.39","X1","2","45102A","870740","M06331","ﾄ6453","東京エレクトロンデバイス","14100-112","東京エレクトロンデバイス 株式会社","01","単品"," "," ","01","出荷基準","19070MX2","01","20190723","9","1","9","9","20190724","20190724","20190725"," ","201907","20190724","20190724","1629638-001"," ","93000","0","0","0","0"," "," ","CNT32-8M(PCI)","1","1","5580","JPY"," ","890702","P424"," ","拡張ボード継続特価","cnt32-8m(pci)","KD-002157"," ","APR","通常",
"RAFJKA01","LRBM792","FX-ANT-A7","FLEXLAN ダイポールアンテナ 2.4GHｚ、5GHｚ兼用","1","PC","1710","1710","707","707","51.8","58.65","X3","M","45117A","065014","923659","ﾀ3000","高木商会　名古屋営業所","14133-100","株式会社 高木商会 東京物流センター","01","単品","7","リピート特価","01","出荷基準","190406G2","01","20190401","9","1","9","9","20190724","20190724","20190725"," ","201907","20190724","20190724","PA20094-M00510YM"," ","3300","0","0","0","0"," "," ","FX-ANT-A7","1","1","137","JPY"," ","550928","1A24"," ","シンテックホズミ様向け　継続特価見積"," ","KD-002325"," ","NPR","通常",
"RAFJKA02","LRBM792","FX-ANT-A7","FLEXLAN ダイポールアンテナ 2.4GHｚ、5GHｚ兼用","3","PC","1710","5130","707","2121","51.8","58.65","X3","M","45117A","065014","923659","ﾀ3000","高木商会　名古屋営業所","14133-100","株式会社 高木商会 東京物流センター","01","単品","7","リピート特価","01","出荷基準","190406G2","01","20190401","9","1","9","9","20190724","20190724","20190725"," ","201907","20190724","20190724","PA20093-M00510YM"," ","3300","0","0","0","0"," "," ","FX-ANT-A7","1","1","410","JPY"," ","550928","1A24"," ","シンテックホズミ様向け　継続特価見積"," ","KD-002325"," ","NPR","通常",
"RAFJKE01","LRBQ443","COM-2C-LPE","ＲＳ－２３２Ｃ通信ボード　２ｃｈ　ＰＣＩ　Ｅｘｐｒ","10","PC","22032","220320","5192","51920","72","76.43","X1","P","45023A","055231","177216","ﾘ4080","菱洋エレクトロ　横浜支店","13111-E93","菱洋エレクトロ 株式会社 リョーヨー三郷物流センター","01","単品","7","リピート特価","01","出荷基準","19050QK2","03","20190401","9","1","9","9","20190724","20190724","20190802"," ","201907","20190801","20190801","0083296484"," ","30600","0","0","0","0"," "," ","COM-2C-LPE","1","1","22032","JPY"," ","890301","P423"," ","アズビル殿　プラント制御システム向け　CO"," ","KD-002087"," ","APR","通常",
"RAFJKE02","LRBB082","PCE44/9P2S","ＣＯＭ－２ｃｈ（４４ピン）用分配ケーブル","10","PC","2592","25920","1211","12110","72","53.28","X1","P","45023A","055231","177216","ﾘ4080","菱洋エレクトロ　横浜支店","13111-E93","菱洋エレクトロ 株式会社 リョーヨー三郷物流センター","01","単品","7","リピート特価","01","出荷基準","19050QK2","03","20190401","9","1","9","9","20190724","20190724","20190802"," ","201907","20190801","20190801","0083296484"," ","3600","0","0","0","0"," "," ","PCE44/9P2S","1","1","2592","JPY"," ","551104","P322"," ","アズビル殿　プラント制御システム向け　CO"," ","KD-002087"," ","APR","通常",
"RAFJKL01","LRBK903","PCA96PS-1.5P","片端９６ピンコネクタ付シールドケーブル","1","PC","8400","8400","4183","4183","64.6","50.2","X1","V","45119A","011424","199041","10266","協立電機  浜松"," "," ","01","単品","7","リピート特価","01","出荷基準","19050AB2","01","20190401","9","1","9","9","20190724","20190724","20190726"," ","201907","20190725","20190725","B24J7W070","渡辺","13000","0","0","0","0"," "," ","PCA96PS-1.5P","1","1","672","JPY"," ","551104","P322"," ","ヒューモラボラトリー　小型コンデンサ検査","拡張ボード継続特価見積もり","KD-000288"," ","AER","通常",
"RAFJLA01","LRBU252","COM-2CL-PCI","ＲＳ－２３２Ｃ通信ボード　２ｃｈ","1","PC","8340","8340","5887","5887","71.9","29.41","X1","S","45112A","911610","177216","ﾌ6456","福西電機　東部業務グループ","999999991","㈱ＰＦＡ 調達課 ご担当者様","01","単品","7","リピート特価","01","出荷基準","19040UX2","02","20190401","9","1","9","9","20190724","20190724","20190725"," ","201907","20190724","20190724","037HH017-79243"," ","11600","0","0","0","0"," "," ","COM-2CL-PCI","1","1","667","JPY"," ","510301","P1A1"," ","半導体検査装置用制御ボード"," ","KD-000060"," ","APR","直送",
"RAFJLK01","LRBV803","SMC-4DL-PE","モーションコントロールボード","5","PC","40390","201950","14060","70300","70","65.19","X1","R","45403A","922324","197090","ﾀ1775","たけびし　本社","26108-120","株式会社 たけびし 五条倉庫 気付","01","単品","7","リピート特価","01","出荷基準","19040F32","01","20190410","9","1","9","9","20190724","20190724","20190808"," ","201907","20190807","20190807","06194809-020"," ","57700","0","0","0","0"," "," ","SMC-4DL-PE","1","1","20195","JPY"," ","890400","P424"," ","たけびし→佐藤製作所→シライ電子　継続特"," ","KD-002214"," ","ALR","通常",
"RAFJLK02","LRBQ904","DIO-1616L-PE","絶縁型デジタル入出力ボード　ＰＣＩ　Ｅｘｐｒｅｓｓ","5","PC","21420","107100","5065","25325","70","76.35","X1","R","45403A","922324","197090","ﾀ1775","たけびし　本社","26108-120","株式会社 たけびし 五条倉庫 気付","01","単品","7","リピート特価","01","出荷基準","19040F32","01","20190410","9","1","9","9","20190724","20190724","20190808"," ","201907","20190807","20190807","06194809-030"," ","30600","0","0","0","0"," "," ","DIO-1616L-PE","1","1","10710","JPY"," ","890103","P421"," ","たけびし→佐藤製作所→シライ電子　継続特"," ","KD-002214"," ","APR","通常",
"RAFJLK03","LRAS573","PCA37PS-3P","片端３７ピンコネクタ付シ－ルドケーブル","5","PC","5390","26950","1801","9005","70","66.59","X1","R","45403A","922324","197090","ﾀ1775","たけびし　本社","26108-120","株式会社 たけびし 五条倉庫 気付","01","単品","7","リピート特価","01","出荷基準","19040F32","01","20190410","9","1","9","9","20190724","20190724","20190725"," ","201907","20190724","20190724","06194809-010"," ","7700","0","0","0","0"," "," ","PCA37PS-3P","1","1","2156","JPY"," ","551104","P322"," ","たけびし→佐藤製作所→シライ電子　継続特"," ","KD-002214"," ","APR","通常",
"RAFJLL01","LRBQ895","DIO-3232L-PE","絶縁型デジタル入出力ボード　ＰＣＩ　Ｅｘｐｒｅｓｓ","2","PC","30600","61200","7452","14904","70.2","75.65","X1","1","45122A","075158","197090","ｲ6174","因幡電機産業　大阪","27227-G68","因幡電機産業 株式会社 大阪物流センター  産業システム【事】","01","単品","7","リピート特価","01","出荷基準","19050HZ2","01","20190401","9","1","9","9","20190724","20190724","20190807"," ","201907","20190806","20190806","184-640W27622661"," ","43600","0","0","0","0"," "," ","DIO-3232L-PE","1","1","6120","JPY"," ","890103","P421"," ","村田製作所【因幡】 iPhone向け画像検査装"," ","KD-000419"," ","APR","通常",
"RAFJM001","LRBJ733","PIO-32/32RL(PCI)H","絶縁型逆コモンデジタル入出力ボード","1","PC","28500","28500","7395","7395","63.8","74.05","X1","S","45112A","830557","905510","ﾉ1143","ノバラックス","13111-D49","富士物流 株式会社 ノバラックスジャパン 扱い","01","単品","1","特価","01","出荷基準","19070N62","01","20190724","9","1","9","9","20190724","20190724","20190725"," ","201907","20190724","20190724","31000740-001","濱田　純多","44700","0","0","0","0"," "," ","PIO-32/32RL(PCI)H","1","1","2280","JPY"," ","510103","P131"," ","FC組み込み"," ","KD-002113"," ","ALR","通常",
"RAFJM101","LRBR463","FX-ANT-CEX3","FLEXLAN 同軸変換ケーブル 20cm","10","PC","4000","40000","1189","11890","60.6","70.28","X3","ｴ","45406A","185165","M06277","ﾐ1672","三菱自工　岡崎","999999991","三菱自動車工業株式会社","01","単品","1","特価","01","出荷基準","19070NB2","01","20190724","9","1","9","9","20190724","20190724","20190726"," ","201907","20190725","20190725","PO471204"," ","6600","0","0","0","0"," "," ","FX-ANT-CEX3","1","1","3200","JPY"," ","550928","1A24"," ","AGV用無線LAN機器03"," ","KD-002643"," ","NPR","通常",
"RAFJM201","LRAD284","PCE37/9PS","ＣＯＭ－４ｃｈ（３７ピン）用分配ケーブル","1","PC","6650","6650","1935","1935","62.1","70.9","X1","M","45117A","185149","187217","ｻ4880","佐鳥電機　名古屋支店","14133-082","佐鳥電機 株式会社 佐鳥グループ東京物流センター","01","単品","7","リピート特価","01","出荷基準","19040X52","01","20190401","9","1","9","9","20190724","20190724","20190809"," ","201907","20190808","20190808","4429700358-001"," ","10700","0","0","0","0"," "," ","PCE37/9PS","1","1","665","JPY"," ","551104","P322"," ","東朋テクノロジー 2019年度継続特価"," ","KD-000253"," ","APR","通常",
"RAFJM202","LRBR701","EPD-100A","圧着用中継端子台（Ｍ３ネジ、１００点）","1","PC","15750","15750","9118","9118","66.7","42.11","X1","M","45117A","185149","187217","ｻ4880","佐鳥電機　名古屋支店","14133-082","佐鳥電機 株式会社 佐鳥グループ東京物流センター","01","単品","7","リピート特価","01","出荷基準","19040X52","01","20190401","9","1","9","9","20190724","20190724","20190904"," ","201907","20190903","20190903","4429700359-001"," ","23600","0","0","0","0"," "," ","EPD-100A","1","1","1575","JPY"," ","551101","P324"," ","東朋テクノロジー 2019年度継続特価"," ","KD-000253"," ","CPR","通常",
"RAFJM203","LRBR741","PCB100PS-1.5","両端１００ピンコネクタ付シールドケーブル　1.5ｍ","1","PC","11025","11025","6065","6065","66.8","44.99","X1","M","45117A","185149","187217","ｻ4880","佐鳥電機　名古屋支店","14133-082","佐鳥電機 株式会社 佐鳥グループ東京物流センター","01","単品","7","リピート特価","01","出荷基準","19040X52","01","20190401","9","1","9","9","20190724","20190724","20190904"," ","201907","20190903","20190903","4429700360-001"," ","16500","0","0","0","0"," "," ","PCB100PS-1.5","1","1","1103","JPY"," ","551104","P322"," ","東朋テクノロジー 2019年度継続特価"," ","KD-000253"," ","APR","通常",
"RAFJM301","LRKM122","IPC-ACAP12-04A","12VDC出力ACアダプタ","1","PC","13300","13300","8397","8397","63.6","36.86","X2","S","45112A","830557","905510","ﾉ1143","ノバラックス","13111-D49","富士物流 株式会社 ノバラックスジャパン 扱い","01","単品","7","リピート特価","01","出荷基準","19041102","01","20190401","9","1","9","9","20190724","20190724","20190725"," ","201907","20190724","20190724","31000621-001","濱田　純多","20900","0","0","0","0"," "," ","IPC-ACAP12-04A","1","1","1064","JPY"," ","431105","Q431"," ","FC組み込み用拡張ボード"," ","KD-002112"," ","ALR","通常",
"RAFJM401","LRBN593","PI-128L(PCI)H","絶縁型デジタル入力ボード","1","PC","36000","36000","13831","13831","63.7","61.58","X1","S","45112A","830557","905510","ﾉ1143","ノバラックス","13111-D49","富士物流 株式会社 ノバラックスジャパン 扱い","01","単品","1","特価","01","出荷基準","19070N72","01","20190724","9","1","9","9","20190724","20190724","20190809"," ","201907","20190808","20190808","31000731-001","濱田　純多","56500","0","0","0","0"," "," ","PI-128L(PCI)H","1","1","3600","JPY"," ","510101","P131"," ","FC組み込み用拡張ボード"," ","KD-002112"," ","CLR","通常",
"RAFJM501","LRBB246","PIO-16/16L(PCI)H","絶縁型デジタル入出力ボード","1","PC","20400","20400","5935","5935","75","70.91","X1","S","45112A","830557","905510","ﾉ1143","ノバラックス","13111-D49","富士物流 株式会社 ノバラックスジャパン 扱い","01","単品"," "," ","01","出荷基準","19070N22","01","20190724","9","1","9","9","20190724","20190724","20190927"," ","201907","20190926","20190926","31000715-001","濱田　純多","27200","0","0","0","0"," "," ","PIO-16/16L(PCI)H","1","1","2040","JPY"," ","510103","P131"," ","FC組み込み"," ","KD-002964"," ","APR","通常",
"RAFJM502","LRBB246","PIO-16/16L(PCI)H","絶縁型デジタル入出力ボード","1","PC","20400","20400","5935","5935","75","70.91","X1","S","45112A","830557","905510","ﾉ1143","ノバラックス","13111-D49","富士物流 株式会社 ノバラックスジャパン 扱い","01","単品"," "," ","01","出荷基準","19070N22","01","20190724","9","1","9","9","20190724","20190724","20190927"," ","201907","20190926","20190926","31000715-002","濱田　純多","27200","0","0","0","0"," "," ","PIO-16/16L(PCI)H","1","1","2040","JPY"," ","510103","P131"," ","FC組み込み"," ","KD-002964"," ","APR","通常",
"RAFJM503","LRBB246","PIO-16/16L(PCI)H","絶縁型デジタル入出力ボード","1","PC","20400","20400","5935","5935","75","70.91","X1","S","45112A","830557","905510","ﾉ1143","ノバラックス","13111-D49","富士物流 株式会社 ノバラックスジャパン 扱い","01","単品"," "," ","01","出荷基準","19070N22","01","20190724","9","1","9","9","20190724","20190724","20190927"," ","201907","20190926","20190926","31000715-003","濱田　純多","27200","0","0","0","0"," "," ","PIO-16/16L(PCI)H","1","1","2040","JPY"," ","510103","P131"," ","FC組み込み"," ","KD-002964"," ","APR","通常",
"RAFJM504","LRBB246","PIO-16/16L(PCI)H","絶縁型デジタル入出力ボード","1","PC","20400","20400","5935","5935","75","70.91","X1","S","45112A","830557","905510","ﾉ1143","ノバラックス","13111-D49","富士物流 株式会社 ノバラックスジャパン 扱い","01","単品"," "," ","01","出荷基準","19070N22","01","20190724","9","1","9","9","20190724","20190724","20190927"," ","201907","20190926","20190926","31000715-004","濱田　純多","27200","0","0","0","0"," "," ","PIO-16/16L(PCI)H","1","1","2040","JPY"," ","510103","P131"," ","FC組み込み"," ","KD-002964"," ","APR","通常",
"RAFJM505","LRBB224","PI-64L(PCI)H","絶縁型デジタル入力ボード","1","PC","30975","30975","8722","8722","75","71.84","X1","S","45112A","830557","905510","ﾉ1143","ノバラックス","13111-D49","富士物流 株式会社 ノバラックスジャパン 扱い","01","単品"," "," ","01","出荷基準","19070N22","01","20190724","9","1","9","9","20190724","20190724","20190927"," ","201907","20190926","20190926","31000715-005","濱田　純多","41300","0","0","0","0"," "," ","PI-64L(PCI)H","1","1","3098","JPY"," ","510101","P131"," ","FC組み込み"," ","KD-002964"," ","ALR","通常",
"RAFJM506","LRBB224","PI-64L(PCI)H","絶縁型デジタル入力ボード","1","PC","30975","30975","8722","8722","75","71.84","X1","S","45112A","830557","905510","ﾉ1143","ノバラックス","13111-D49","富士物流 株式会社 ノバラックスジャパン 扱い","01","単品"," "," ","01","出荷基準","19070N22","01","20190724","9","1","9","9","20190724","20190724","20190927"," ","201907","20190926","20190926","31000715-006","濱田　純多","41300","0","0","0","0"," "," ","PI-64L(PCI)H","1","1","3098","JPY"," ","510101","P131"," ","FC組み込み"," ","KD-002964"," ","ALR","通常",
"RAFJM507","LRBB224","PI-64L(PCI)H","絶縁型デジタル入力ボード","5","PC","30975","154875","8722","43610","75","71.84","X1","S","45112A","830557","905510","ﾉ1143","ノバラックス","13111-D49","富士物流 株式会社 ノバラックスジャパン 扱い","01","単品"," "," ","01","出荷基準","19070N22","01","20190724","9","1","9","9","20190724","20190724","20190927"," ","201907","20190926","20190926","31000715-007","濱田　純多","41300","0","0","0","0"," "," ","PI-64L(PCI)H","1","1","15488","JPY"," ","510101","P131"," ","FC組み込み"," ","KD-002964"," ","ALR","通常",
"RAFJM508","LRBB224","PI-64L(PCI)H","絶縁型デジタル入力ボード","5","PC","30975","154875","8722","43610","75","71.84","X1","S","45112A","830557","905510","ﾉ1143","ノバラックス","13111-D49","富士物流 株式会社 ノバラックスジャパン 扱い","01","単品"," "," ","01","出荷基準","19070N22","01","20190724","9","1","9","9","20190724","20190724","20190927"," ","201907","20190926","20190926","31000715-008","濱田　純多","41300","0","0","0","0"," "," ","PI-64L(PCI)H","1","1","15488","JPY"," ","510101","P131"," ","FC組み込み"," ","KD-002964"," ","ALR","通常",
"RAFJMX01","LRBB216","PIO-32/32L(PCI)H","絶縁型デジタル入出力ボード","2","PC","29330","58660","8227","16454","71","71.95","X1","W","45115A","095163","177216","ﾆ2103","日本電計　長野"," "," ","01","単品","7","リピート特価","01","出荷基準","190501F2","02","20190401","9","1","9","9","20190724","20190724","20190802"," ","201907","20190801","20190801","NE1123-114755-01"," ","41300","0","0","0","0"," "," ","PIO-32/32L(PCI)H","1","1","5866","JPY"," ","510103","P131"," ","山洋電気様向け　I/O 継続特価"," ","KD-002674"," ","APR","通常",
"RAFJMX02","LRAC322","EPD-96","圧着用中継端子台（Ｍ３ネジ、９６点）","2","PC","12570","25140","6423","12846","71","48.9","X1","W","45115A","095163","177216","ﾆ2103","日本電計　長野"," "," ","01","単品","7","リピート特価","01","出荷基準","190501F2","02","20190401","9","1","9","9","20190724","20190724","20190802"," ","201907","20190801","20190801","NE1123-114755-02"," ","17700","0","0","0","0"," "," ","EPD-96","1","1","2514","JPY"," ","551101","P324"," ","山洋電気様向け　I/O 継続特価"," ","KD-002674"," ","APR","通常",
"RAFJMX03","LRBK943","PCB96PS-1.5P","両端９６ピンコネクタ付シールドケーブル","2","PC","10090","20180","5101","10202","71.1","49.44","X1","W","45115A","095163","177216","ﾆ2103","日本電計　長野"," "," ","01","単品","7","リピート特価","01","出荷基準","190501F2","02","20190401","9","1","9","9","20190724","20190724","20190802"," ","201907","20190801","20190801","NE1123-114755-03"," ","14200","0","0","0","0"," "," ","PCB96PS-1.5P","1","1","2018","JPY"," ","551104","P322"," ","山洋電気様向け　I/O 継続特価"," ","KD-002674"," ","APR","通常",
"RAFJMY01","LRKU822","PT-956SLX-AC731211-C01"," ","1","PC","184000","184000","125225","125225","95.5","31.94","X2","5","45090A","085146","197090","10645","立花エレテック  神奈川","14100-110","株式会社 立花エレテック 東京物流センター","01","単品","7","リピート特価","01","出荷基準","190401D2","01","20190401","9","1","9","9","20190724","20190724","20190807"," ","201907","20190806","20190806","G0G1P"," ","192600","0","0","0","0"," "," ","PT-956SLX-AC731211-C01","1","1","18400","JPY"," ","431053","Q222"," ","横浜ゴム向け　工場設備アイテム　2019"," ","KD-002134"," ","FPR","通常",
"RAFJMY02","LRKU822","PT-956SLX-AC731211-C01"," ","1","PC","184000","184000","125225","125225","95.5","31.94","X2","5","45090A","085146","197090","10645","立花エレテック  神奈川","14100-110","株式会社 立花エレテック 東京物流センター","01","単品","7","リピート特価","01","出荷基準","190401D2","01","20190401","9","1","9","9","20190724","20190724","20190807"," ","201907","20190806","20190806","G0G1Q"," ","192600","0","0","0","0"," "," ","PT-956SLX-AC731211-C01","1","1","18400","JPY"," ","431053","Q222"," ","横浜ゴム向け　工場設備アイテム　2019"," ","KD-002134"," ","FPR","通常",
"RAFJMY03","LRKU822","PT-956SLX-AC731211-C01"," ","1","PC","184000","184000","125225","125225","95.5","31.94","X2","5","45090A","085146","197090","10645","立花エレテック  神奈川","14100-110","株式会社 立花エレテック 東京物流センター","01","単品","7","リピート特価","01","出荷基準","190401D2","01","20190401","9","1","9","9","20190724","20190724","20190807"," ","201907","20190806","20190806","G0G1R"," ","192600","0","0","0","0"," "," ","PT-956SLX-AC731211-C01","1","1","18400","JPY"," ","431053","Q222"," ","横浜ゴム向け　工場設備アイテム　2019"," ","KD-002134"," ","FPR","通常",
"RAFJMY04","LRKU822","PT-956SLX-AC731211-C01"," ","1","PC","184000","184000","125225","125225","95.5","31.94","X2","5","45090A","085146","197090","10645","立花エレテック  神奈川","14100-110","株式会社 立花エレテック 東京物流センター","01","単品","7","リピート特価","01","出荷基準","190401D2","01","20190401","9","1","9","9","20190724","20190724","20190807"," ","201907","20190806","20190806","G0G1Y"," ","192600","0","0","0","0"," "," ","PT-956SLX-AC731211-C01","1","1","18400","JPY"," ","431053","Q222"," ","横浜ゴム向け　工場設備アイテム　2019"," ","KD-002134"," ","FPR","通常",
"RAFJMY05","LRKU822","PT-956SLX-AC731211-C01"," ","1","PC","184000","184000","125225","125225","95.5","31.94","X2","5","45090A","085146","197090","10645","立花エレテック  神奈川","14100-110","株式会社 立花エレテック 東京物流センター","01","単品","7","リピート特価","01","出荷基準","190401D2","01","20190401","9","1","9","9","20190724","20190724","20190807"," ","201907","20190806","20190806","G0G1L"," ","192600","0","0","0","0"," "," ","PT-956SLX-AC731211-C01","1","1","18400","JPY"," ","431053","Q222"," ","横浜ゴム向け　工場設備アイテム　2019"," ","KD-002134"," ","FPR","通常",
"RAFJN101","LRAS573","PCA37PS-3P","片端３７ピンコネクタ付シ－ルドケーブル","15","PC","5775","86625","1801","27015","75","68.81","X1","M","45117A","085162","187217","10741","萩原テクノ  計測ＦＡ","500000254","萩原テクノソリューションズ㈱ 豊田物流センター","01","単品"," "," ","01","出荷基準","19050GE2","01","20190401","9","1","9","9","20190724","20190724","20190726"," ","201907","20190725","20190725","Q10K00332200100","谷崎  秀信","7700","0","0","0","0"," "," ","PCA37PS-3P","1","1","6930","JPY"," ","551104","P322"," ","デンソー様向け　2019年度継続特価(萩原)"," ","KD-000183"," ","APR","通常",
"RAFJN102","LRBQ775","DIO-0808LY-USB","絶縁型デジタル入出力モジュール","5","PC","19470","97350","9883","49415","66","49.24","X1","M","45117A","085162","187217","10741","萩原テクノ  計測ＦＡ","500000254","萩原テクノソリューションズ㈱ 豊田物流センター","01","単品","7","リピート特価","01","出荷基準","19050GE2","01","20190401","9","1","9","9","20190724","20190724","20190726"," ","201907","20190725","20190725","Q10K00332700100","谷崎  秀信","29500","0","0","0","0"," "," ","DIO-0808LY-USB","1","1","7788","JPY"," ","870103","P171"," ","デンソー様向け　2019年度継続特価(萩原)"," ","KD-000183"," ","APR","通常",
"RAFJN401","LRKU172","SH-8008F","FLEXLAN 産業用スイッチングHUB 10M/100M 8ポート","18","PC","18915","340470","6623","119214","97","64.99","X3","2","45102A","870740","M06331","ｷ1077","協栄エレクトロニクス"," "," ","01","単品","7","リピート特価","01","出荷基準","19040KP2","01","20190415","9","1","9","9","20190724","20190724","20190912"," ","201907","20190911","20190911","00004638"," ","19500","0","0","0","0"," "," ","SH-8008F","1","1","34047","JPY"," ","550922","1A17"," ","ニシム電子工業向けＨＵＢ継続特価","sh-9008h-fit、sh-8008f","KD-000602"," ","NPR","通常",
"RAFJN601","LRBQ904","DIO-1616L-PE","絶縁型デジタル入出力ボード　ＰＣＩ　Ｅｘｐｒｅｓｓ","1","PC","21420","21420","5065","5065","70","76.35","X1","6","45125A","990598","912916","ﾀ5293","ダイワボウ　業務サポートグループ","999999991","株式会社栄工社 【2973006～7】山崎 尚子様","01","単品","1","特価","01","出荷基準","19070JA2","01","20190718","9","1","9","9","20190724","20190724","20190828"," ","201907","20190827","20190827","11814876-02"," ","30600","0","0","0","0"," "," ","DIO-1616L-PE","1","1","2142","JPY"," ","890103","P421"," ","OHT様向けVPC-3000御見積"," ","KD-002317"," ","APR","直送",
"RAFJND01","LRKT261","AUDIT-D02","AUDIT-D02","1","PC","691000","691000","382987","382987","95.8","44.57","Y2","Z","45104A","185178","197090","10768","新興サービス  中部支店","500000298","新興サービス株式会社 静岡営業所","01","単品","1","特価","01","出荷基準","190708L2","01","20190708","9","1","9","9","20190724","20190724","20190730"," ","201907","20190729","20190729","9P00016238","垣根","721000","0","0","0","0"," "," ","AUDIT-D02","1","1","69100","JPY"," ","712011","6A23"," ","2019年度中小口顧客案件"," ","KD-005365"," ","FLR","通常",
"RAFJND02","LRKJ931","AUDIT-TRAY","AUDIT-TRAY","1","PC","9000","9000","4814","4814","100","46.51","Y2","Z","45104A","185178","197090","10768","新興サービス  中部支店","500000298","新興サービス株式会社 静岡営業所","01","単品","1","特価","01","出荷基準","190708L2","01","20190708","9","1","9","9","20190724","20190724","20190730"," ","201907","20190729","20190729","9P00016238","垣根","9000","0","0","0","0"," "," ","AUDIT-TRAY","1","1","900","JPY"," ","712011","6A23"," ","2019年度中小口顧客案件"," ","KD-005365"," ","OPR","通常",
"RAFJNF01","LRKT261","AUDIT-D02","AUDIT-D02","1","PC","721000","721000","382987","382987","100","46.88","Y2","Z","45104A","185178","197090","10768","新興サービス  中部支店","500000281","新興サービス株式会社 中部支店","01","単品"," "," ","01","出荷基準","19050642","01","20190513","9","1","9","9","20190724","20190724","20190731"," ","201907","20190730","20190730","9P00016284","垣根","721000","0","0","0","0"," "," ","AUDIT-D02","1","1","72100","JPY"," ","712011","6A23"," ","2019年度中小口顧客案件"," ","KD-005365"," ","FLR","通常",
"RAFJNF02","LRKJ931","AUDIT-TRAY","AUDIT-TRAY","1","PC","9000","9000","4814","4814","100","46.51","Y2","Z","45104A","185178","197090","10768","新興サービス  中部支店","500000281","新興サービス株式会社 中部支店","01","単品"," "," ","01","出荷基準","19050642","01","20190513","9","1","9","9","20190724","20190724","20190731"," ","201907","20190730","20190730","9P00016284","垣根","9000","0","0","0","0"," "," ","AUDIT-TRAY","1","1","900","JPY"," ","712011","6A23"," ","2019年度中小口顧客案件"," ","KD-005365"," ","OPR","通常",
"RAFJNH01","LRBV803","SMC-4DL-PE","モーションコントロールボード","1","PC","34300","34300","14060","14060","59.4","59.01","X1","1","45122A","075158","187217","ｷ5850","キステム　京都"," "," ","01","単品","7","リピート特価","01","出荷基準","19040952","01","20190401","9","1","9","9","20190724","20190724","20190820"," ","201907","20190819","20190819","KCTS724-1TZ"," ","57700","0","0","0","0"," "," ","SMC-4DL-PE","1","1","3430","JPY"," ","890400","P424"," ","島津製作所 分析計測 D超微小硬度計2019年","S-000567","KD-000420"," ","ALR","通常",
"RAFJNJ01","LRKV131","BX-830D-DC781724","ボックスコンピュータBX-830シリーズ","1","PC","169000","169000","71321","71321","100","57.8","X2","H","45103A","931537","M06277","10536","ソニービジネスソリューション","999999991","ｿﾆｰﾋﾞｼﾞﾈｽｿﾘｭｰｼｮﾝ株式会社","01","単品"," "," ","01","出荷基準","19070MF2","01","20190723","9","1","9","9","20190724","20190724","20190827"," ","201907","20190826","20190826","PN00681284","小倉  麻由子","169000","0","0","0","0"," "," ","BX-830D-DC781724","1","1","16900","JPY"," ","431051","Q222"," ","BX-830D-DC781724"," ","KD-002369"," ","HLR","通常",
"RAFJNJ02","LRKH342","ACAP19-01","スイッチングACアダプタ(19VDC 3.42A)","1","PC","8964","8964","2152","2152","83","75.99","X2","H","45103A","931537","M06277","10536","ソニービジネスソリューション","999999991","ｿﾆｰﾋﾞｼﾞﾈｽｿﾘｭｰｼｮﾝ株式会社","01","単品"," "," ","01","出荷基準","19070MF2","01","20190723","9","1","9","9","20190724","20190724","20190827"," ","201907","20190826","20190826","PN00681284","小倉  麻由子","10800","0","0","0","0"," "," ","ACAP19-01","1","1","896","JPY"," ","712012","Q238"," ","BX-830D-DC781724"," ","KD-002369"," ","APR","通常",
"RAFJNK01","LRKX521","BX-956SD-DC781314-C01","BX956set (WES7)","1","PC","142500","142500","83689","83689","100","41.27","X2","1","45122A","075158","912916","ﾀ5293","ダイワボウ　業務サポートグループ","999999991","株式会社ホクシン 京滋支店 川村 俊美様","01","単品"," "," ","01","出荷基準","19040EC2","01","20190401","9","1","9","9","20190724","20190724","20191016"," ","201907","20191015","20191015","11818094-01"," ","142500","0","0","0","0"," "," ","BX-956SD-DC781314-C01","1","1","14250","JPY"," ","431050","Q212"," ","継19 村田製作所　コンデンサ生産設備 ゲー"," ","KD-000419"," ","OPR","直送",
"RAFJNR01","LRKG072","SPC-N455-S1-1G"," ","300","PC","59000","17700000","32337","9701100","78.7","45.19","X4","ｴ","45406A","850386","197090","ﾀ3422","ダイフク","500000110","株式会社 ダイフク 滋賀製作所","01","単品","1","特価","01","出荷基準","19070072","01","20190701","9","1","9","9","20190724","20190724","20191114"," ","201907","20191113","20191113","P1924442"," ","75000","0","0","0","0"," "," ","SPC-N455-S1-1G","1","1","1770000","JPY"," ","394099","R122"," ","SPC-N455-S1-1G 7000pcs"," ","KD-002019"," ","OER","通常",
"RAFJNR02","LRKG072","SPC-N455-S1-1G"," ","300","PC","59000","17700000","32337","9701100","78.7","45.19","X4","ｴ","45406A","850386","197090","ﾀ3422","ダイフク","500000110","株式会社 ダイフク 滋賀製作所","01","単品","1","特価","01","出荷基準","19070072","01","20190701","9","1","9","9","20190724","20190724","20191121"," ","201907","20191120","20191120","P1924443"," ","75000","0","0","0","0"," "," ","SPC-N455-S1-1G","1","1","1770000","JPY"," ","394099","R122"," ","SPC-N455-S1-1G 7000pcs"," ","KD-002019"," ","OER","通常",
"RAFJNR03","LRKG072","SPC-N455-S1-1G"," ","300","PC","59000","17700000","32337","9701100","78.7","45.19","X4","ｴ","45406A","850386","197090","ﾀ3422","ダイフク","500000110","株式会社 ダイフク 滋賀製作所","01","単品","1","特価","01","出荷基準","19070072","01","20190701","9","1","9","9","20190724","20190724","20191125"," ","201907","20191122","20191122","P1924444"," ","75000","0","0","0","0"," "," ","SPC-N455-S1-1G","1","1","1770000","JPY"," ","394099","R122"," ","SPC-N455-S1-1G 7000pcs"," ","KD-002019"," ","OER","通常",
"RAFJNR04","LRKG072","SPC-N455-S1-1G"," ","300","PC","59000","17700000","32337","9701100","78.7","45.19","X4","ｴ","45406A","850386","197090","ﾀ3422","ダイフク","500000110","株式会社 ダイフク 滋賀製作所","01","単品","1","特価","01","出荷基準","19070072","01","20190701","9","1","9","9","20190724","20190724","20191128"," ","201907","20191127","20191127","P1924445"," ","75000","0","0","0","0"," "," ","SPC-N455-S1-1G","1","1","1770000","JPY"," ","394099","R122"," ","SPC-N455-S1-1G 7000pcs"," ","KD-002019"," ","OER","通常",
"RAFJNS01","LRKG072","SPC-N455-S1-1G"," ","300","PC","59000","17700000","32337","9701100","78.7","45.19","X4","ｴ","45406A","850386","197090","ﾀ3422","ダイフク","500000110","株式会社 ダイフク 滋賀製作所","01","単品","1","特価","01","出荷基準","19070072","01","20190701","9","1","9","9","20190724","20190724","20191205"," ","201907","20191204","20191204","P1924446"," ","75000","0","0","0","0"," "," ","SPC-N455-S1-1G","1","1","1770000","JPY"," ","394099","R122"," ","SPC-N455-S1-1G 7000pcs"," ","KD-002019"," ","OER","通常",
"RAFJNS02","LRKG072","SPC-N455-S1-1G"," ","300","PC","59000","17700000","32337","9701100","78.7","45.19","X4","ｴ","45406A","850386","197090","ﾀ3422","ダイフク","500000110","株式会社 ダイフク 滋賀製作所","01","単品","1","特価","01","出荷基準","19070072","01","20190701","9","1","9","9","20190724","20190724","20191206"," ","201907","20191205","20191205","P1924450"," ","75000","0","0","0","0"," "," ","SPC-N455-S1-1G","1","1","1770000","JPY"," ","394099","R122"," ","SPC-N455-S1-1G 7000pcs"," ","KD-002019"," ","OER","通常",
"RAFJNS03","LRKG072","SPC-N455-S1-1G"," ","300","PC","59000","17700000","32337","9701100","78.7","45.19","X4","ｴ","45406A","850386","197090","ﾀ3422","ダイフク","500000110","株式会社 ダイフク 滋賀製作所","01","単品","1","特価","01","出荷基準","19070072","01","20190701","9","1","9","9","20190724","20190724","20191212"," ","201907","20191211","20191211","P1924447"," ","75000","0","0","0","0"," "," ","SPC-N455-S1-1G","1","1","1770000","JPY"," ","394099","R122"," ","SPC-N455-S1-1G 7000pcs"," ","KD-002019"," ","OER","通常",
"RAFJNS04","LRKG072","SPC-N455-S1-1G"," ","300","PC","59000","17700000","32337","9701100","78.7","45.19","X4","ｴ","45406A","850386","197090","ﾀ3422","ダイフク","500000110","株式会社 ダイフク 滋賀製作所","01","単品","1","特価","01","出荷基準","19070072","01","20190701","9","1","9","9","20190724","20190724","20191219"," ","201907","20191218","20191218","P1924448"," ","75000","0","0","0","0"," "," ","SPC-N455-S1-1G","1","1","1770000","JPY"," ","394099","R122"," ","SPC-N455-S1-1G 7000pcs"," ","KD-002019"," ","OER","通常",
"RAFJNS05","LRKG072","SPC-N455-S1-1G"," ","300","PC","59000","17700000","32337","9701100","78.7","45.19","X4","ｴ","45406A","850386","197090","ﾀ3422","ダイフク","500000110","株式会社 ダイフク 滋賀製作所","01","単品","1","特価","01","出荷基準","19070072","01","20190701","9","1","9","9","20190724","20190724","20191224"," ","201907","20191223","20191223","P1924449"," ","75000","0","0","0","0"," "," ","SPC-N455-S1-1G","1","1","1770000","JPY"," ","394099","R122"," ","SPC-N455-S1-1G 7000pcs"," ","KD-002019"," ","OER","通常",
"RAFJNU01","LRBE645","PO-32B(PCI)H","絶縁型電源内蔵デジタル出力ボード","3","PC","26325","78975","9679","29037","75","63.23","X1","P","45023A","055231","177216","10705","サンワテクノス　横浜","13111-E53","サンワテクノス 株式会社 東京サービスセンター","01","単品","7","リピート特価","01","出荷基準","19060LA2","01","20190401","9","1","9","9","20190724","20190724","20190802"," ","201907","20190801","20190801","K0294417"," ","35100","0","0","0","0"," "," ","PO-32B(PCI)H","1","1","7898","JPY"," ","510102","P131"," ","菱電湘南エレクトロニクス殿向け　御見積"," ","KD-002029"," ","CLR","通常",
"RAFJNU02","LRBE624","PI-32B(PCI)H","絶縁型電源内蔵デジタル入力ボード","3","PC","26325","78975","8855","26565","75","66.36","X1","P","45023A","055231","177216","10705","サンワテクノス　横浜","13111-E53","サンワテクノス 株式会社 東京サービスセンター","01","単品","7","リピート特価","01","出荷基準","19060LA2","01","20190401","9","1","9","9","20190724","20190724","20190802"," ","201907","20190801","20190801","K0294421"," ","35100","0","0","0","0"," "," ","PI-32B(PCI)H","1","1","7898","JPY"," ","510101","P131"," ","菱電湘南エレクトロニクス殿向け　御見積"," ","KD-002029"," ","CLR","通常",
"RAFJNV01","LRKG072","SPC-N455-S1-1G"," ","300","PC","59000","17700000","32337","9701100","78.7","45.19","X4","ｴ","45406A","850386","197090","ﾀ3422","ダイフク","500000110","株式会社 ダイフク 滋賀製作所","01","単品","1","特価","01","出荷基準","19070072","01","20190701","9","1","9","9","20190724","20190724","20200109"," ","201907","20200108","20200108","P1924451"," ","75000","0","0","0","0"," "," ","SPC-N455-S1-1G","1","1","1770000","JPY"," ","394099","R122"," ","SPC-N455-S1-1G 7000pcs"," ","KD-002019"," ","OER","通常",
"RAFJNV02","LRKG072","SPC-N455-S1-1G"," ","300","PC","59000","17700000","32337","9701100","78.7","45.19","X4","ｴ","45406A","850386","197090","ﾀ3422","ダイフク","500000110","株式会社 ダイフク 滋賀製作所","01","単品","1","特価","01","出荷基準","19070072","01","20190701","9","1","9","9","20190724","20190724","20200116"," ","201907","20200115","20200115","P1924452"," ","75000","0","0","0","0"," "," ","SPC-N455-S1-1G","1","1","1770000","JPY"," ","394099","R122"," ","SPC-N455-S1-1G 7000pcs"," ","KD-002019"," ","OER","通常",
"RAFJNV03","LRKG072","SPC-N455-S1-1G"," ","300","PC","59000","17700000","32337","9701100","78.7","45.19","X4","ｴ","45406A","850386","197090","ﾀ3422","ダイフク","500000110","株式会社 ダイフク 滋賀製作所","01","単品","1","特価","01","出荷基準","19070072","01","20190701","9","1","9","9","20190724","20190724","20200123"," ","201907","20200122","20200122","P1924453"," ","75000","0","0","0","0"," "," ","SPC-N455-S1-1G","1","1","1770000","JPY"," ","394099","R122"," ","SPC-N455-S1-1G 7000pcs"," ","KD-002019"," ","OER","通常",
"RAFJNV04","LRKG072","SPC-N455-S1-1G"," ","300","PC","59000","17700000","32337","9701100","78.7","45.19","X4","ｴ","45406A","850386","197090","ﾀ3422","ダイフク","500000110","株式会社 ダイフク 滋賀製作所","01","単品","1","特価","01","出荷基準","19070072","01","20190701","9","1","9","9","20190724","20190724","20200127"," ","201907","20200124","20200124","P1924454"," ","75000","0","0","0","0"," "," ","SPC-N455-S1-1G","1","1","1770000","JPY"," ","394099","R122"," ","SPC-N455-S1-1G 7000pcs"," ","KD-002019"," ","OER","通常",
"RAFJNV05","LRKG072","SPC-N455-S1-1G"," ","300","PC","59000","17700000","32337","9701100","78.7","45.19","X4","ｴ","45406A","850386","197090","ﾀ3422","ダイフク","500000110","株式会社 ダイフク 滋賀製作所","01","単品","1","特価","01","出荷基準","19070072","01","20190701","9","1","9","9","20190724","20190724","20200130"," ","201907","20200129","20200129","P1924455"," ","75000","0","0","0","0"," "," ","SPC-N455-S1-1G","1","1","1770000","JPY"," ","394099","R122"," ","SPC-N455-S1-1G 7000pcs"," ","KD-002019"," ","OER","通常",
"RAFJNW01","LRKG072","SPC-N455-S1-1G"," ","300","PC","59000","17700000","32337","9701100","78.7","45.19","X4","ｴ","45406A","850386","197090","ﾀ3422","ダイフク","500000110","株式会社 ダイフク 滋賀製作所","01","単品","1","特価","01","出荷基準","19070072","01","20190701","9","1","9","9","20190724","20190724","20200206"," ","201907","20200205","20200205","P1924456"," ","75000","0","0","0","0"," "," ","SPC-N455-S1-1G","1","1","1770000","JPY"," ","394099","R122"," ","SPC-N455-S1-1G 7000pcs"," ","KD-002019"," ","OER","通常",
"RAFJNW02","LRKG072","SPC-N455-S1-1G"," ","300","PC","59000","17700000","32337","9701100","78.7","45.19","X4","ｴ","45406A","850386","197090","ﾀ3422","ダイフク","500000110","株式会社 ダイフク 滋賀製作所","01","単品","1","特価","01","出荷基準","19070072","01","20190701","9","1","9","9","20190724","20190724","20200213"," ","201907","20200212","20200212","P1924457"," ","75000","0","0","0","0"," "," ","SPC-N455-S1-1G","1","1","1770000","JPY"," ","394099","R122"," ","SPC-N455-S1-1G 7000pcs"," ","KD-002019"," ","OER","通常",
"RAFJNW03","LRKG072","SPC-N455-S1-1G"," ","300","PC","59000","17700000","32337","9701100","78.7","45.19","X4","ｴ","45406A","850386","197090","ﾀ3422","ダイフク","500000110","株式会社 ダイフク 滋賀製作所","01","単品","1","特価","01","出荷基準","19070072","01","20190701","9","1","9","9","20190724","20190724","20200220"," ","201907","20200219","20200219","P1924458"," ","75000","0","0","0","0"," "," ","SPC-N455-S1-1G","1","1","1770000","JPY"," ","394099","R122"," ","SPC-N455-S1-1G 7000pcs"," ","KD-002019"," ","OER","通常",
"RAFJNW04","LRKG072","SPC-N455-S1-1G"," ","300","PC","59000","17700000","32337","9701100","78.7","45.19","X4","ｴ","45406A","850386","197090","ﾀ3422","ダイフク","500000110","株式会社 ダイフク 滋賀製作所","01","単品","1","特価","01","出荷基準","19070072","01","20190701","9","1","9","9","20190724","20190724","20200227"," ","201907","20200226","20200226","P1924459"," ","75000","0","0","0","0"," "," ","SPC-N455-S1-1G","1","1","1770000","JPY"," ","394099","R122"," ","SPC-N455-S1-1G 7000pcs"," ","KD-002019"," ","OER","通常",
"RAFJNZ01","LRKG072","SPC-N455-S1-1G"," ","300","PC","59000","17700000","32337","9701100","78.7","45.19","X4","ｴ","45406A","850386","197090","ﾀ3422","ダイフク","500000110","株式会社 ダイフク 滋賀製作所","01","単品","1","特価","01","出荷基準","19070072","01","20190701","9","1","9","9","20190724","20190724","20200305"," ","201907","20200304","20200304","P1924460"," ","75000","0","0","0","0"," "," ","SPC-N455-S1-1G","1","1","1770000","JPY"," ","394099","R122"," ","SPC-N455-S1-1G 7000pcs"," ","KD-002019"," ","OER","通常",
"RAFJNZ02","LRKG072","SPC-N455-S1-1G"," ","300","PC","59000","17700000","32337","9701100","78.7","45.19","X4","ｴ","45406A","850386","197090","ﾀ3422","ダイフク","500000110","株式会社 ダイフク 滋賀製作所","01","単品","1","特価","01","出荷基準","19070072","01","20190701","9","1","9","9","20190724","20190724","20200312"," ","201907","20200311","20200311","P1924461"," ","75000","0","0","0","0"," "," ","SPC-N455-S1-1G","1","1","1770000","JPY"," ","394099","R122"," ","SPC-N455-S1-1G 7000pcs"," ","KD-002019"," ","OER","通常",
"RAFJNZ03","LRKG072","SPC-N455-S1-1G"," ","300","PC","59000","17700000","32337","9701100","78.7","45.19","X4","ｴ","45406A","850386","197090","ﾀ3422","ダイフク","500000110","株式会社 ダイフク 滋賀製作所","01","単品","1","特価","01","出荷基準","19070072","01","20190701","9","1","9","9","20190724","20190724","20200319"," ","201907","20200318","20200318","P1924462"," ","75000","0","0","0","0"," "," ","SPC-N455-S1-1G","1","1","1770000","JPY"," ","394099","R122"," ","SPC-N455-S1-1G 7000pcs"," ","KD-002019"," ","OER","通常",
"RAFJNZ04","LRKG072","SPC-N455-S1-1G"," ","300","PC","59000","17700000","32337","9701100","78.7","45.19","X4","ｴ","45406A","850386","197090","ﾀ3422","ダイフク","500000110","株式会社 ダイフク 滋賀製作所","01","単品","1","特価","01","出荷基準","19070072","01","20190701","9","1","9","9","20190724","20190724","20200323"," ","201907","20200319","20200319","P1924463"," ","75000","0","0","0","0"," "," ","SPC-N455-S1-1G","1","1","1770000","JPY"," ","394099","R122"," ","SPC-N455-S1-1G 7000pcs"," ","KD-002019"," ","OER","通常",
"RAFJNZ05","LRKG072","SPC-N455-S1-1G"," ","300","PC","59000","17700000","32337","9701100","78.7","45.19","X4","ｴ","45406A","850386","197090","ﾀ3422","ダイフク","500000110","株式会社 ダイフク 滋賀製作所","01","単品","1","特価","01","出荷基準","19070072","01","20190701","9","1","9","9","20190724","20190724","20200326"," ","201907","20200325","20200325","P1924464"," ","75000","0","0","0","0"," "," ","SPC-N455-S1-1G","1","1","1770000","JPY"," ","394099","R122"," ","SPC-N455-S1-1G 7000pcs"," ","KD-002019"," ","OER","通常",
"RAFJNZ06","LRKG072","SPC-N455-S1-1G"," ","100","PC","59000","5900000","32337","3233700","78.7","45.19","X4","ｴ","45406A","850386","197090","ﾀ3422","ダイフク","500000110","株式会社 ダイフク 滋賀製作所","01","単品","1","特価","01","出荷基準","19070072","01","20190701","9","1","9","9","20190724","20190724","20200401"," ","201907","20200327","20200327","P1924465"," ","75000","0","0","0","0"," "," ","SPC-N455-S1-1G","1","1","590000","JPY"," ","394099","R122"," ","SPC-N455-S1-1G 7000pcs"," ","KD-002019"," ","OER","通常",
"RAFJP601","LRBM715","PIO-32/32B(PCI)V","絶縁型電源内蔵デジタル入出力ボード","1","PC","36260","36260","11950","11950","70","67.04","X1","1","45122A","125084","187217","ﾇ0103","ヌマタ　ＦＡシステムシヨツプ","27125-284","株式会社ヌマタ 南港商品センター","01","単品","7","リピート特価","01","出荷基準","190402V2","01","20190401","9","1","9","9","20190724","20190724","20190802"," ","201907","20190801","20190801","M839-190723-01"," ","51800","0","0","0","0"," "," ","PIO-32/32B(PCI)V","1","1","3626","JPY"," ","510103","P131"," ","東ﾚｴﾝｼﾞﾆｱﾘﾝｸﾞ殿 2019年度継続特価"," ","KD-000436"," ","APR","通常",
"RAFJP602","LRAY044","PCB96WS-3P","９６ピン→３７ピンｘ２分配用ケーブル","1","PC","11550","11550","5765","5765","70","50.09","X1","1","45122A","125084","187217","ﾇ0103","ヌマタ　ＦＡシステムシヨツプ","27125-284","株式会社ヌマタ 南港商品センター","01","単品","7","リピート特価","01","出荷基準","190402V2","01","20190401","9","1","9","9","20190724","20190724","20190802"," ","201907","20190801","20190801","M839-190723-01"," ","16500","0","0","0","0"," "," ","PCB96WS-3P","1","1","1155","JPY"," ","551104","P322"," ","東ﾚｴﾝｼﾞﾆｱﾘﾝｸﾞ殿 2019年度継続特価"," ","KD-000436"," ","APR","通常",
"RAFJP603","LRBT663","DIO-3232B-PE","絶縁型デジタル入出力ボード　ＰＣＩ　Ｅｘｐｒｅｓｓ","1","PC","37100","37100","9631","9631","70","74.04","X1","1","45122A","125084","187217","ﾇ0103","ヌマタ　ＦＡシステムシヨツプ","27125-284","株式会社ヌマタ 南港商品センター","01","単品","7","リピート特価","01","出荷基準","190402V2","01","20190401","9","1","9","9","20190724","20190724","20190802"," ","201907","20190801","20190801","M839-190723-01"," ","53000","0","0","0","0"," "," ","DIO-3232B-PE","1","1","3710","JPY"," ","890103","P421"," ","東ﾚｴﾝｼﾞﾆｱﾘﾝｸﾞ殿 2019年度継続特価"," ","KD-000436"," ","ALR","通常",
"RAFJP604","LRAV905","COM-8(PCI)H","ＲＳ－２３２Ｃ通信ボード　８ｃｈ","1","PC","34580","34580","10974","10974","70","68.26","X1","1","45122A","125084","187217","ﾇ0103","ヌマタ　ＦＡシステムシヨツプ","27125-284","株式会社ヌマタ 南港商品センター","01","単品","7","リピート特価","01","出荷基準","190402V2","01","20190401","9","1","9","9","20190724","20190724","20190802"," ","201907","20190801","20190801","M839-190723-01"," ","49400","0","0","0","0"," "," ","COM-8(PCI)H","1","1","3458","JPY"," ","510301","P1A1"," ","東ﾚｴﾝｼﾞﾆｱﾘﾝｸﾞ殿 2019年度継続特価"," ","KD-000436"," ","ALR","通常",
"RAFJP605","LRBP444","PIO-16/16TB(PCI)H","高速絶縁型ＴＴＬレベルデジタル入出力ボード","1","PC","41160","41160","16621","16621","70","59.62","X1","1","45122A","125084","187217","ﾇ0103","ヌマタ　ＦＡシステムシヨツプ","27125-284","株式会社ヌマタ 南港商品センター","01","単品","7","リピート特価","01","出荷基準","190402V2","01","20190401","9","1","9","9","20190724","20190724","20190802"," ","201907","20190801","20190801","M839-190723-01"," ","58800","0","0","0","0"," "," ","PIO-16/16TB(PCI)H","1","1","4116","JPY"," ","510103","P131"," ","東ﾚｴﾝｼﾞﾆｱﾘﾝｸﾞ殿 2019年度継続特価"," ","KD-000436"," ","CLR","通常",
"RAFJP606","LRAN113","PCE78/9PS","ＣＯＭ－８ｃｈボード用分配ケーブル","1","PC","7670","7670","5826","5826","65","24.04","X1","1","45122A","125084","187217","ﾇ0103","ヌマタ　ＦＡシステムシヨツプ","27125-284","株式会社ヌマタ 南港商品センター","01","単品","7","リピート特価","01","出荷基準","190402V2","01","20190401","9","1","9","9","20190724","20190724","20190802"," ","201907","20190801","20190801","M839-190723-01"," ","11800","0","0","0","0"," "," ","PCE78/9PS","1","1","767","JPY"," ","551104","P322"," ","東ﾚｴﾝｼﾞﾆｱﾘﾝｸﾞ殿 2019年度継続特価"," ","KD-000436"," ","APR","通常",
"RAFJP701","LRBQ443","COM-2C-LPE","ＲＳ－２３２Ｃ通信ボード　２ｃｈ　ＰＣＩ　Ｅｘｐｒ","1","PC","19800","19800","5192","5192","64.7","73.78","X1","T","45076A","155146","187217","10740","萩原テクノ  プロダクト","500000254","萩原テクノソリューションズ㈱ 豊田物流センター","01","単品","1","特価","01","出荷基準","19070M92","01","20190723","9","1","9","9","20190724","20190724","20190807"," ","201907","20190806","20190806","M10K01352000100","谷崎  秀信","30600","0","0","0","0"," "," ","COM-2C-LPE","1","1","1980","JPY"," ","890301","P423"," ","豊田自動織機様向け　COMボード"," ","KD-000263"," ","APR","通常",
"RAFJP702","LRBB082","PCE44/9P2S","ＣＯＭ－２ｃｈ（４４ピン）用分配ケーブル","1","PC","2340","2340","1211","1211","65","48.25","X1","T","45076A","155146","187217","10740","萩原テクノ  プロダクト","500000254","萩原テクノソリューションズ㈱ 豊田物流センター","01","単品","1","特価","01","出荷基準","19070M92","01","20190723","9","1","9","9","20190724","20190724","20190807"," ","201907","20190806","20190806","M10K01352000200","谷崎  秀信","3600","0","0","0","0"," "," ","PCE44/9P2S","1","1","234","JPY"," ","551104","P322"," ","豊田自動織機様向け　COMボード"," ","KD-000263"," ","APR","通常",
"RAFJP901","LRZD755","COM-1P(USB)H","絶縁型ＲＳ－２３２Ｃマイクロコンバータ－","10","PC","10600","106000","9462","94620","56.1","10.74","X1","V","45119A","011424","187217","10740","萩原テクノ  プロダクト","500000254","萩原テクノソリューションズ㈱ 豊田物流センター","01","単品","1","特価","01","出荷基準","19070M62","01","20190723","9","1","9","9","20190724","20190724","20190828"," ","201907","20190827","20190827","M10K01361300100","谷崎  秀信","18900","0","0","0","0"," "," ","COM-1P(USB)H","1","1","10600","JPY"," ","870301","P173"," ","ヤマハ発動機様向けCOM製品"," ","KD-000263"," ","APR","通常",
"RAFJPC"," ","SC00SB","ｼｬｰｼﾗｲﾝﾆｽｶﾞﾀPC WIN10ｶｺｳｼﾝ","1","SE","1800000","1800000","1391021","1391021","0","22.72","Y1","ｴ","45406A","870304","M06277","ﾄ8540","トヨタ車体","999999991","トヨタ車体株式会社 吉原工場","21","システム"," "," ","02","検収基準","19070KF3","01","20190722","9","1","9","9","20190724","20190724","20191031"," ","201907"," "," ","A301214"," ","0","660000","1140000","543045","847976","031","D99","SC00SB","1","1","180000","JPY"," "," ","B111"," ","トヨタ車体【TAB-y】　シャーシライン荷姿P"," ","KD-000352"," "," ","直送",
"RAFJPF01","LRBB216","PIO-32/32L(PCI)H","絶縁型デジタル入出力ボード","1","PC","20976","20976","8227","8227","50.8","60.78","X1","T","45076A","155045","177216","ｻ7369","サンワテクノス　名古屋","500000266","サンワテクノス㈱  名古屋サービスセンター","01","単品","1","特価","01","出荷基準","19070P12","01","20190724","9","1","9","9","20190724","20190724","20190821"," ","201907","20190820","20190820","K0294135","高松　賢治","41300","0","0","0","0"," "," ","PIO-32/32L(PCI)H","1","1","2098","JPY"," ","510103","P131"," ","名古屋電機向け計測制御製品"," ","KD-004233"," ","APR","通常",
"RAFJPF02","LRBR684","SMC-4DL-PCI","高速ラインドライバ出力モーションコントロールボード","1","PC","29326","29326","18224","18224","55.3","37.86","X1","T","45076A","155045","177216","ｻ7369","サンワテクノス　名古屋","500000266","サンワテクノス㈱  名古屋サービスセンター","01","単品","1","特価","01","出荷基準","19070P12","01","20190724","9","1","9","9","20190724","20190724","20190821"," ","201907","20190820","20190820","K0294139","高松　賢治","53000","0","0","0","0"," "," ","SMC-4DL-PCI","1","1","2933","JPY"," ","510400","P1B1"," ","名古屋電機向け計測制御製品"," ","KD-004233"," ","ALR","通常",
"RAFJPH01","LRKR811","FXA3200","FLEXLAN 11ac対応デュアル無線LANアクセスポイント","5","PC","42750","213750","19774","98870","95","53.75","X3","R","45403A","185152","177216","10395","ＮＥＣＦ岡山","999999991","ＮＥＣフィールディング㈱ 中四国営業部 魚本","01","単品","1","特価","01","出荷基準","190701X2","01","20190702","9","1","9","9","20190724","20190724","20190729"," ","201907","20190726","20190726","CRM-51937518"," ","45000","0","0","0","0"," "," ","FXA3200","1","1","17100","JPY"," ","550929","1A22"," ","45期　NECフィールディング様向け特価案件"," ","KD-004584"," ","NLR","通常",
"RAFJPH02","LRKX351","FX-AC053","FLEXLAN 5V ACアダプタ","5","PC","4290","21450","1689","8445","65","60.63","X3","R","45403A","185152","177216","10395","ＮＥＣＦ岡山","999999991","ＮＥＣフィールディング㈱ 中四国営業部 魚本","01","単品"," "," ","01","出荷基準","190701X2","01","20190702","9","1","9","9","20190724","20190724","20190729"," ","201907","20190726","20190726","CRM-51937518"," ","6600","0","0","0","0"," "," ","FX-AC053","1","1","1716","JPY"," ","550928","1A24"," ","45期　NECフィールディング様向け特価案件"," ","KD-004584"," ","NPR","通常",
"RAFJPM01","LRAJ125","COM-2PD(PCI)H","絶縁型ＲＳ－４２２Ａ／４８５通信ボード　２ｃｈ","4","PC","29175","116700","11318","45272","75","61.21","X1","7","45120A","065333","177216","ﾆ1478","日本電気　玉川","999999991","ＮＥＣスペーステクノロジー","01","単品"," "," ","01","出荷基準","19070M72","01","20190723","9","1","9","9","20190724","20190724","20190808"," ","201907","20190807","20190807","78A-282501-P0-0065"," ","38900","0","0","0","0"," "," ","COM-2PD(PCI)H","1","1","11670","JPY"," ","510301","P1A1"," ","放送機器向け周辺機器案件","78A-282501-P0-0065","KD-000018"," ","ALR","通常",
"RAFJPP01","LRBB246","PIO-16/16L(PCI)H","絶縁型デジタル入出力ボード","1","PC","19312","19312","5935","5935","71","69.27","X1","M","45117A","085162","177216","ﾆ8438","日本電計　名古屋"," "," ","01","単品","1","特価","01","出荷基準","19070P42","01","20190724","9","1","9","9","20190724","20190724","20190808"," ","201907","20190807","20190807","NY1086-111086-01"," ","27200","0","0","0","0"," "," ","PIO-16/16L(PCI)H","1","1","1931","JPY"," ","510103","P131"," ","デンソーテン様向け　2019年度継続特価"," ","KD-002262"," ","APR","通常",
"RAFJPP02","LRBB216","PIO-32/32L(PCI)H","絶縁型デジタル入出力ボード","1","PC","29323","29323","8227","8227","71","71.94","X1","M","45117A","085162","177216","ﾆ8438","日本電計　名古屋"," "," ","01","単品","1","特価","01","出荷基準","19070P42","01","20190724","9","1","9","9","20190724","20190724","20190808"," ","201907","20190807","20190807","NY1086-111089-01"," ","41300","0","0","0","0"," "," ","PIO-32/32L(PCI)H","1","1","2932","JPY"," ","510103","P131"," ","デンソーテン様向け　2019年度継続特価"," ","KD-002262"," ","APR","通常",
"RAFJPP03","LRBB216","PIO-32/32L(PCI)H","絶縁型デジタル入出力ボード","1","PC","29323","29323","8227","8227","71","71.94","X1","M","45117A","085162","177216","ﾆ8438","日本電計　名古屋"," "," ","01","単品","1","特価","01","出荷基準","19070P42","01","20190724","9","1","9","9","20190724","20190724","20190808"," ","201907","20190807","20190807","NY1086-111090-01"," ","41300","0","0","0","0"," "," ","PIO-32/32L(PCI)H","1","1","2932","JPY"," ","510103","P131"," ","デンソーテン様向け　2019年度継続特価"," ","KD-002262"," ","APR","通常",
"RAFJPP04","LRBB246","PIO-16/16L(PCI)H","絶縁型デジタル入出力ボード","1","PC","19312","19312","5935","5935","71","69.27","X1","M","45117A","085162","177216","ﾆ8438","日本電計　名古屋"," "," ","01","単品","1","特価","01","出荷基準","19070P42","01","20190724","9","1","9","9","20190724","20190724","20190808"," ","201907","20190807","20190807","NY1086-111092-01"," ","27200","0","0","0","0"," "," ","PIO-16/16L(PCI)H","1","1","1931","JPY"," ","510103","P131"," ","デンソーテン様向け　2019年度継続特価"," ","KD-002262"," ","APR","通常",
"RAFJPP05","LRBB246","PIO-16/16L(PCI)H","絶縁型デジタル入出力ボード","1","PC","19312","19312","5935","5935","71","69.27","X1","M","45117A","085162","177216","ﾆ8438","日本電計　名古屋"," "," ","01","単品","1","特価","01","出荷基準","19070P42","01","20190724","9","1","9","9","20190724","20190724","20190808"," ","201907","20190807","20190807","NY1086-111093-01"," ","27200","0","0","0","0"," "," ","PIO-16/16L(PCI)H","1","1","1931","JPY"," ","510103","P131"," ","デンソーテン様向け　2019年度継続特価"," ","KD-002262"," ","APR","通常",
"RAFJPP06","LRAY034","PCB96WS-1.5P","９６ピン→３７ピンｘ２分配用ケーブル","2","PC","10082","20164","4719","9438","71","53.19","X1","M","45117A","085162","177216","ﾆ8438","日本電計　名古屋"," "," ","01","単品","1","特価","01","出荷基準","19070P42","01","20190724","9","1","9","9","20190724","20190724","20190808"," ","201907","20190807","20190807","NY1086-111095-01"," ","14200","0","0","0","0"," "," ","PCB96WS-1.5P","1","1","2016","JPY"," ","551104","P322"," ","デンソーテン様向け　2019年度継続特価"," ","KD-002262"," ","APR","通常",
"RAFJPP07","LRAY034","PCB96WS-1.5P","９６ピン→３７ピンｘ２分配用ケーブル","8","PC","10082","80656","4719","37752","71","53.19","X1","M","45117A","085162","177216","ﾆ8438","日本電計　名古屋"," "," ","01","単品","1","特価","01","出荷基準","19070P42","01","20190724","9","1","9","9","20190724","20190724","20190808"," ","201907","20190807","20190807","NY1086-111095-02"," ","14200","0","0","0","0"," "," ","PCB96WS-1.5P","1","1","8066","JPY"," ","551104","P322"," ","デンソーテン様向け　2019年度継続特価"," ","KD-002262"," ","APR","通常",
"RAFJPP08","LRAY034","PCB96WS-1.5P","９６ピン→３７ピンｘ２分配用ケーブル","4","PC","10082","40328","4719","18876","71","53.19","X1","M","45117A","085162","177216","ﾆ8438","日本電計　名古屋"," "," ","01","単品","1","特価","01","出荷基準","19070P42","01","20190724","9","1","9","9","20190724","20190724","20190808"," ","201907","20190807","20190807","NY1086-111095-03"," ","14200","0","0","0","0"," "," ","PCB96WS-1.5P","1","1","4033","JPY"," ","551104","P322"," ","デンソーテン様向け　2019年度継続特価"," ","KD-002262"," ","APR","通常",
"RAFJPP09","LRAY034","PCB96WS-1.5P","９６ピン→３７ピンｘ２分配用ケーブル","1","PC","10082","10082","4719","4719","71","53.19","X1","M","45117A","085162","177216","ﾆ8438","日本電計　名古屋"," "," ","01","単品","1","特価","01","出荷基準","19070P42","01","20190724","9","1","9","9","20190724","20190724","20190808"," ","201907","20190807","20190807","NY1086-111095-04"," ","14200","0","0","0","0"," "," ","PCB96WS-1.5P","1","1","1008","JPY"," ","551104","P322"," ","デンソーテン様向け　2019年度継続特価"," ","KD-002262"," ","APR","通常",
"RAFJPP10","LRAY034","PCB96WS-1.5P","９６ピン→３７ピンｘ２分配用ケーブル","1","PC","10082","10082","4719","4719","71","53.19","X1","M","45117A","085162","177216","ﾆ8438","日本電計　名古屋"," "," ","01","単品","1","特価","01","出荷基準","19070P42","01","20190724","9","1","9","9","20190724","20190724","20190808"," ","201907","20190807","20190807","NY1086-111095-05"," ","14200","0","0","0","0"," "," ","PCB96WS-1.5P","1","1","1008","JPY"," ","551104","P322"," ","デンソーテン様向け　2019年度継続特価"," ","KD-002262"," ","APR","通常",
"RAFJPP11","LRBG234","EAD(PCI)BE","ＰＣＩバス用　拡張アダプタ","1","PC","23430","23430","11006","11006","71","53.03","X1","M","45117A","085162","177216","ﾆ8438","日本電計　名古屋"," "," ","01","単品","1","特価","01","出荷基準","19070P42","01","20190724","9","1","9","9","20190724","20190724","20190808"," ","201907","20190807","20190807","NY1086-111098-01"," ","33000","0","0","0","0"," "," ","EAD(PCI)BE","1","1","2343","JPY"," ","511202","P314"," ","デンソーテン様向け　2019年度継続特価"," ","KD-002262"," ","ALR","通常",
"RAFJPP12","LRBA553","ADA16-32/2(PCI)F","非絶縁型高精度　アナログ入出力ボード","1","PC","90241","90241","28753","28753","71","68.14","X1","M","45117A","085162","177216","ﾆ8438","日本電計　名古屋"," "," ","01","単品","1","特価","01","出荷基準","19070P42","01","20190724","9","1","9","9","20190724","20190724","20190808"," ","201907","20190807","20190807","NY1086-111098-02"," ","127100","0","0","0","0"," "," ","ADA16-32/2(PCI)F","1","1","9024","JPY"," ","510203","P191"," ","デンソーテン様向け　2019年度継続特価"," ","KD-002262"," ","APR","通常",
"RAFJPP13","LRBF884","DA16-4(LPCI)L","非絶縁型アナログ出力ボード","2","PC","38411","76822","16815","33630","71","56.22","X1","M","45117A","085162","177216","ﾆ8438","日本電計　名古屋"," "," ","01","単品","1","特価","01","出荷基準","19070P42","01","20190724","9","1","9","9","20190724","20190724","20190808"," ","201907","20190807","20190807","NY1086-111098-03"," ","54100","0","0","0","0"," "," ","DA16-4(LPCI)L","1","1","7682","JPY"," ","510202","P191"," ","デンソーテン様向け　2019年度継続特価"," ","KD-002262"," ","CPR","通常",
"RAFJPP14","LRAT694","DA12-8(PCI)","非絶縁型アナログ出力ボード","1","PC","63474","63474","17580","17580","71","72.3","X1","M","45117A","085162","177216","ﾆ8438","日本電計　名古屋"," "," ","01","単品","1","特価","01","出荷基準","19070P42","01","20190724","9","1","9","9","20190724","20190724","20190808"," ","201907","20190807","20190807","NY1086-111098-04"," ","89400","0","0","0","0"," "," ","DA12-8(PCI)","1","1","6347","JPY"," ","510202","P191"," ","デンソーテン様向け　2019年度継続特価"," ","KD-002262"," ","CLR","通常",
"RAFJPP15","LRBQ672","ECH(PCI)BE-H13A","ＰＣＩバス拡張シャーシ　（ハーフサイズ）","1","PC","87756","87756","63984","63984","71","27.09","X1","M","45117A","085162","177216","ﾆ8438","日本電計　名古屋"," "," ","01","単品","1","特価","01","出荷基準","19070P42","01","20190724","9","1","9","9","20190724","20190724","20190808"," ","201907","20190807","20190807","NY1086-111099-01"," ","123600","0","0","0","0"," "," ","ECH(PCI)BE-H13A","1","1","8776","JPY"," ","511201","P313"," ","デンソーテン様向け　2019年度継続特価"," ","KD-002262"," ","CLR","通常",
"RAFJPP16","LRBB246","PIO-16/16L(PCI)H","絶縁型デジタル入出力ボード","1","PC","19312","19312","5935","5935","71","69.27","X1","M","45117A","085162","177216","ﾆ8438","日本電計　名古屋"," "," ","01","単品","1","特価","01","出荷基準","19070P42","01","20190724","9","1","9","9","20190724","20190724","20190808"," ","201907","20190807","20190807","NY1086-111099-02"," ","27200","0","0","0","0"," "," ","PIO-16/16L(PCI)H","1","1","1931","JPY"," ","510103","P131"," ","デンソーテン様向け　2019年度継続特価"," ","KD-002262"," ","APR","通常",
"RAFJPP17","LRBB216","PIO-32/32L(PCI)H","絶縁型デジタル入出力ボード","1","PC","29323","29323","8227","8227","71","71.94","X1","M","45117A","085162","177216","ﾆ8438","日本電計　名古屋"," "," ","01","単品","1","特価","01","出荷基準","19070P42","01","20190724","9","1","9","9","20190724","20190724","20190808"," ","201907","20190807","20190807","NY1086-111099-03"," ","41300","0","0","0","0"," "," ","PIO-32/32L(PCI)H","1","1","2932","JPY"," ","510103","P131"," ","デンソーテン様向け　2019年度継続特価"," ","KD-002262"," ","APR","通常",
"RAFJPP18","LRBB234","PO-64L(PCI)H","絶縁型デジタル出力ボード","1","PC","29323","29323","10194","10194","71","65.24","X1","M","45117A","085162","177216","ﾆ8438","日本電計　名古屋"," "," ","01","単品","1","特価","01","出荷基準","19070P42","01","20190724","9","1","9","9","20190724","20190724","20190808"," ","201907","20190807","20190807","NY1086-111099-04"," ","41300","0","0","0","0"," "," ","PO-64L(PCI)H","1","1","2932","JPY"," ","510102","P131"," ","デンソーテン様向け　2019年度継続特価"," ","KD-002262"," ","CLR","通常",
"RAFJPP19","LRBP593","DA16-8(LPCI)L","非絶縁型高精度アナログ出力　Ｌｏｗ　Ｐｒｏｆｉｌｅ","1","PC","56800","56800","16191","16191","71","71.49","X1","M","45117A","085162","177216","ﾆ8438","日本電計　名古屋"," "," ","01","単品","1","特価","01","出荷基準","19070P42","01","20190724","9","1","9","9","20190724","20190724","20190808"," ","201907","20190807","20190807","NY1086-111099-05"," ","80000","0","0","0","0"," "," ","DA16-8(LPCI)L","1","1","5680","JPY"," ","510202","P191"," ","デンソーテン様向け　2019年度継続特価"," ","KD-002262"," ","CPR","通常",
"RAFJPP20","LRBG234","EAD(PCI)BE","ＰＣＩバス用　拡張アダプタ","2","PC","23430","46860","11006","22012","71","53.03","X1","M","45117A","085162","177216","ﾆ8438","日本電計　名古屋"," "," ","01","単品","1","特価","01","出荷基準","19070P42","01","20190724","9","1","9","9","20190724","20190724","20190808"," ","201907","20190807","20190807","NY1086-111101-01"," ","33000","0","0","0","0"," "," ","EAD(PCI)BE","1","1","4686","JPY"," ","511202","P314"," ","デンソーテン様向け　2019年度継続特価"," ","KD-002262"," ","ALR","通常",
"RAFJPP21","LRBF884","DA16-4(LPCI)L","非絶縁型アナログ出力ボード","4","PC","38411","153644","16815","67260","71","56.22","X1","M","45117A","085162","177216","ﾆ8438","日本電計　名古屋"," "," ","01","単品","1","特価","01","出荷基準","19070P42","01","20190724","9","1","9","9","20190724","20190724","20190808"," ","201907","20190807","20190807","NY1086-111101-02"," ","54100","0","0","0","0"," "," ","DA16-4(LPCI)L","1","1","15364","JPY"," ","510202","P191"," ","デンソーテン様向け　2019年度継続特価"," ","KD-002262"," ","CPR","通常",
"RAFJPP22","LRBG234","EAD(PCI)BE","ＰＣＩバス用　拡張アダプタ","1","PC","23430","23430","11006","11006","71","53.03","X1","M","45117A","085162","177216","ﾆ8438","日本電計　名古屋"," "," ","01","単品","1","特価","01","出荷基準","19070P42","01","20190724","9","1","9","9","20190724","20190724","20190808"," ","201907","20190807","20190807","NY1086-111102-01"," ","33000","0","0","0","0"," "," ","EAD(PCI)BE","1","1","2343","JPY"," ","511202","P314"," ","デンソーテン様向け　2019年度継続特価"," ","KD-002262"," ","ALR","通常",
"RAFJPP23","LRBF884","DA16-4(LPCI)L","非絶縁型アナログ出力ボード","2","PC","38411","76822","16815","33630","71","56.22","X1","M","45117A","085162","177216","ﾆ8438","日本電計　名古屋"," "," ","01","単品","1","特価","01","出荷基準","19070P42","01","20190724","9","1","9","9","20190724","20190724","20190808"," ","201907","20190807","20190807","NY1086-111102-02"," ","54100","0","0","0","0"," "," ","DA16-4(LPCI)L","1","1","7682","JPY"," ","510202","P191"," ","デンソーテン様向け　2019年度継続特価"," ","KD-002262"," ","CPR","通常",
"RAFJPP24","LRBQ672","ECH(PCI)BE-H13A","ＰＣＩバス拡張シャーシ　（ハーフサイズ）","2","PC","87756","175512","63984","127968","71","27.09","X1","M","45117A","085162","177216","ﾆ8438","日本電計　名古屋"," "," ","01","単品","1","特価","01","出荷基準","19070P42","01","20190724","9","1","9","9","20190724","20190724","20190808"," ","201907","20190807","20190807","NY1086-111103-01"," ","123600","0","0","0","0"," "," ","ECH(PCI)BE-H13A","1","1","17551","JPY"," ","511201","P313"," ","デンソーテン様向け　2019年度継続特価"," ","KD-002262"," ","CLR","通常",
"RAFJPP25","LRBB246","PIO-16/16L(PCI)H","絶縁型デジタル入出力ボード","2","PC","19312","38624","5935","11870","71","69.27","X1","M","45117A","085162","177216","ﾆ8438","日本電計　名古屋"," "," ","01","単品","1","特価","01","出荷基準","19070P42","01","20190724","9","1","9","9","20190724","20190724","20190808"," ","201907","20190807","20190807","NY1086-111103-02"," ","27200","0","0","0","0"," "," ","PIO-16/16L(PCI)H","1","1","3862","JPY"," ","510103","P131"," ","デンソーテン様向け　2019年度継続特価"," ","KD-002262"," ","APR","通常",
"RAFJPP26","LRBB216","PIO-32/32L(PCI)H","絶縁型デジタル入出力ボード","2","PC","29323","58646","8227","16454","71","71.94","X1","M","45117A","085162","177216","ﾆ8438","日本電計　名古屋"," "," ","01","単品","1","特価","01","出荷基準","19070P42","01","20190724","9","1","9","9","20190724","20190724","20190808"," ","201907","20190807","20190807","NY1086-111103-03"," ","41300","0","0","0","0"," "," ","PIO-32/32L(PCI)H","1","1","5865","JPY"," ","510103","P131"," ","デンソーテン様向け　2019年度継続特価"," ","KD-002262"," ","APR","通常",
"RAFJPP27","LRBB234","PO-64L(PCI)H","絶縁型デジタル出力ボード","6","PC","29323","175938","10194","61164","71","65.24","X1","M","45117A","085162","177216","ﾆ8438","日本電計　名古屋"," "," ","01","単品","1","特価","01","出荷基準","19070P42","01","20190724","9","1","9","9","20190724","20190724","20190808"," ","201907","20190807","20190807","NY1086-111103-04"," ","41300","0","0","0","0"," "," ","PO-64L(PCI)H","1","1","17594","JPY"," ","510102","P131"," ","デンソーテン様向け　2019年度継続特価"," ","KD-002262"," ","CLR","通常",
"RAFJPP28","LRAT694","DA12-8(PCI)","非絶縁型アナログ出力ボード","8","PC","63474","507792","17580","140640","71","72.3","X1","M","45117A","085162","177216","ﾆ8438","日本電計　名古屋"," "," ","01","単品","1","特価","01","出荷基準","19070P42","01","20190724","9","1","9","9","20190724","20190724","20190808"," ","201907","20190807","20190807","NY1086-111103-06"," ","89400","0","0","0","0"," "," ","DA12-8(PCI)","1","1","50779","JPY"," ","510202","P191"," ","デンソーテン様向け　2019年度継続特価"," ","KD-002262"," ","CLR","通常",
"RAFJPP29","LRBN553","RRY-32(PCI)H","リードリレー接点デジタル出力ボード","4","PC","38411","153644","13076","52304","71","65.96","X1","M","45117A","085162","177216","ﾆ8438","日本電計　名古屋"," "," ","01","単品","1","特価","01","出荷基準","19070P42","01","20190724","9","1","9","9","20190724","20190724","20190808"," ","201907","20190807","20190807","NY1086-111103-06"," ","54100","0","0","0","0"," "," ","RRY-32(PCI)H","1","1","15364","JPY"," ","510102","P131"," ","デンソーテン様向け　2019年度継続特価"," ","KD-002262"," ","CLR","通常",
"RAFJPP30","LRBQ672","ECH(PCI)BE-H13A","ＰＣＩバス拡張シャーシ　（ハーフサイズ）","1","PC","87756","87756","63984","63984","71","27.09","X1","M","45117A","085162","177216","ﾆ8438","日本電計　名古屋"," "," ","01","単品","1","特価","01","出荷基準","19070P42","01","20190724","9","1","9","9","20190724","20190724","20190808"," ","201907","20190807","20190807","NY1086-111104-01"," ","123600","0","0","0","0"," "," ","ECH(PCI)BE-H13A","1","1","8776","JPY"," ","511201","P313"," ","デンソーテン様向け　2019年度継続特価"," ","KD-002262"," ","CLR","通常",
"RAFJPP31","LRBB246","PIO-16/16L(PCI)H","絶縁型デジタル入出力ボード","1","PC","19312","19312","5935","5935","71","69.27","X1","M","45117A","085162","177216","ﾆ8438","日本電計　名古屋"," "," ","01","単品","1","特価","01","出荷基準","19070P42","01","20190724","9","1","9","9","20190724","20190724","20190808"," ","201907","20190807","20190807","NY1086-111104-02"," ","27200","0","0","0","0"," "," ","PIO-16/16L(PCI)H","1","1","1931","JPY"," ","510103","P131"," ","デンソーテン様向け　2019年度継続特価"," ","KD-002262"," ","APR","通常",
"RAFJPP32","LRBB216","PIO-32/32L(PCI)H","絶縁型デジタル入出力ボード","1","PC","29323","29323","8227","8227","71","71.94","X1","M","45117A","085162","177216","ﾆ8438","日本電計　名古屋"," "," ","01","単品","1","特価","01","出荷基準","19070P42","01","20190724","9","1","9","9","20190724","20190724","20190808"," ","201907","20190807","20190807","NY1086-111104-03"," ","41300","0","0","0","0"," "," ","PIO-32/32L(PCI)H","1","1","2932","JPY"," ","510103","P131"," ","デンソーテン様向け　2019年度継続特価"," ","KD-002262"," ","APR","通常",
"RAFJPP33","LRBB234","PO-64L(PCI)H","絶縁型デジタル出力ボード","3","PC","29323","87969","10194","30582","71","65.24","X1","M","45117A","085162","177216","ﾆ8438","日本電計　名古屋"," "," ","01","単品","1","特価","01","出荷基準","19070P42","01","20190724","9","1","9","9","20190724","20190724","20190808"," ","201907","20190807","20190807","NY1086-111104-04"," ","41300","0","0","0","0"," "," ","PO-64L(PCI)H","1","1","8797","JPY"," ","510102","P131"," ","デンソーテン様向け　2019年度継続特価"," ","KD-002262"," ","CLR","通常",
"RAFJPP34","LRAT694","DA12-8(PCI)","非絶縁型アナログ出力ボード","4","PC","63474","253896","17580","70320","71","72.3","X1","M","45117A","085162","177216","ﾆ8438","日本電計　名古屋"," "," ","01","単品","1","特価","01","出荷基準","19070P42","01","20190724","9","1","9","9","20190724","20190724","20190808"," ","201907","20190807","20190807","NY1086-111104-05"," ","89400","0","0","0","0"," "," ","DA12-8(PCI)","1","1","25390","JPY"," ","510202","P191"," ","デンソーテン様向け　2019年度継続特価"," ","KD-002262"," ","CLR","通常",
"RAFJPP35","LRBN553","RRY-32(PCI)H","リードリレー接点デジタル出力ボード","2","PC","38411","76822","13076","26152","71","65.96","X1","M","45117A","085162","177216","ﾆ8438","日本電計　名古屋"," "," ","01","単品","1","特価","01","出荷基準","19070P42","01","20190724","9","1","9","9","20190724","20190724","20190808"," ","201907","20190807","20190807","NY1086-111104-06"," ","54100","0","0","0","0"," "," ","RRY-32(PCI)H","1","1","7682","JPY"," ","510102","P131"," ","デンソーテン様向け　2019年度継続特価"," ","KD-002262"," ","CLR","通常",
"RBFJMZ","RBFJMZ1","VPC-3000 BS47BB1HD000000","VPC-3000 BTOモデル","1","PC","357100","357100","178548","178548","0","50","Y3","ｱ","45115B","901664","912916","ﾀ5293","ダイワボウ　業務サポートグループ","999999991","小西 公明様","11","ｾｯﾄｱｯﾌﾟ"," "," ","01","出荷基準","19070MQ1","01","20190723","9","1","9","9","20190724","20190724","20190828"," ","201907","20190827","20190827","11813578-01"," ","0","0","0","0","0"," "," ","VPC-3000 BS47BB1HD000000","1","1","35710","JPY"," ","D027","7G30"," ","【45期】_SPG小口案件_セットアップパソコ","VPC-3000　BTOモデル","KD-002234"," "," ","直送",
"RBFJN2","RBFJN21","VPC-1600 BSE1BCCH1H00W000","VPC-1600　BTOモデル","1","PC","271600","271600","162955","162955","0","40","Y3","ｱ","45115B","901664","912916","ﾀ5293","ダイワボウ　業務サポートグループ","999999991","小西 公明様","11","ｾｯﾄｱｯﾌﾟ"," "," ","01","出荷基準","19070MR1","01","20190723","9","1","9","9","20190724","20190724","20190828"," ","201907","20190827","20190827","11813578-02"," ","0","0","0","0","0"," "," ","VPC-1600 BSE1BCCH1H00W000","1","1","27160","JPY"," ","D027","7G30"," ","【45期】_SPG小口案件_セットアップパソコ","VPC-1600　BTOモデル","KD-002234"," "," ","直送",
"RBFJN3","RBFJN31","VPC-1600 BSC2B0001000W000","VPC-1600","2","PC","139000","278000","81730","163460","0","41.2","Y3","7","45120A","951353","177216","ﾆ1980","日本電計　千葉","999999991","Ａｐｐｓｙｓ 沓澤 紀安","11","ｾｯﾄｱｯﾌﾟ"," "," ","01","出荷基準","19070ND1","01","20190724","9","1","9","9","20190724","20190725","20190823"," ","201907","20190822","20190822","CB0720-111958-01"," ","0","0","0","0","0"," "," ","VPC-1600 BSC2B0001000W000","1","1","27800","JPY"," ","D027","7G30"," ","Appsys様向け　VPC-1600見積書"," ","KD-002509"," "," ","直送",
"RBFJN5","RBFJN51","VPC-3000 BS37B010A000000","VPC-3000","1","PC","183900","183900","130231","130231","0","29.18","Y3","6","45125A","990598","912916","ﾀ5293","ダイワボウ　業務サポートグループ","999999991","株式会社栄工社 【2973006～7】山崎 尚子様","11","ｾｯﾄｱｯﾌﾟ"," "," ","01","出荷基準","19070JA1","01","20190718","9","1","9","9","20190724","20190724","20190828"," ","201907","20190827","20190827","11814876-01"," ","0","0","0","0","0"," "," ","VPC-3000 BS37B010A000000","1","1","18390","JPY"," ","D002","7A14"," ","OHT様向けVPC-3000御見積"," ","KD-002317"," "," ","直送",
"RBFJN7","RBFJN71","VPC-700 B1110101000"," ","1","PC","164600","164600","95566","95566","0","41.94","Y3","2","45102A","870740","912916","ﾀ5293","ダイワボウ　業務サポートグループ","999999991","竹中電業株式会社 栗山様","11","ｾｯﾄｱｯﾌﾟ"," "," ","01","出荷基準","19070MV1","01","20190723","9","1","9","9","20190724","20190724","20190828"," ","201907","20190827","20190827","11813273-01"," ","0","0","0","0","0"," "," ","VPC-700 B1110101000","1","1","16460","JPY"," ","D027","7G30"," ","竹中電業殿VPC-700-B1110101000"," ","KD-000558"," "," ","直送",
"RBFJPA","RBFJPA1","VPC-1600 BSE1BCCH1400W000","VPC-1600","1","PC","299200","299200","170535","170535","0","43","Y3","T","45076A","175151","199041","ｷ4403","協立電機　本社静岡"," "," ","11","ｾｯﾄｱｯﾌﾟ"," "," ","01","出荷基準","19070NY1","01","20190724","9","1","9","9","20190724","20190725","20190826"," ","201907","20190823","20190823","B54J7A062"," ","0","0","0","0","0"," "," ","VPC-1600 BSE1BCCH1400W000","1","1","29920","JPY"," ","D027","7G30"," ","空調機監視用パソコン"," ","KD-002153"," "," ","通常",
"RSFJK001","ZZZZZE5","ﾎｼｮｳｴﾝﾁｮｳｻｰﾋﾞｽ 5ﾈﾝ 2019/09","保証延長サービス　５年　１／２０ 2019年09月","1","SE","2268","2268","462","462","5.4","79.63","Xn","R","45403A","157373","195153","ｷ4403","協立電機　本社静岡"," "," ","41","保守"," "," ","03","役務完了基準","19070KE2","01","20190722","9","1","9","9","20190724","20190802","20191001"," ","201908","20190930","20190930","B54J7U036"," ","42000","0","0","0","0"," "," ","ﾎｼｮｳｴﾝﾁｮｳｻｰﾋﾞｽ 5ﾈﾝ 2019/09","1","1","227","JPY"," "," ","8D48"," ","日本ステンレス八幡製鉄所様向けVPC-700"," ","KD-007714"," "," ","通常",
"RSFJK002","ZZZZZE5","ﾎｼｮｳｴﾝﾁｮｳｻｰﾋﾞｽ 5ﾈﾝ 2019/12","保証延長サービス　５年　１／２０ 2019年12月","1","SE","2916","2916","594","594","6.9","79.63","Xn","R","45403A","157373","195153","ｷ4403","協立電機　本社静岡"," "," ","41","保守"," "," ","03","役務完了基準","19070KE2","01","20190722","9","1","9","9","20190724","20190802","20200106"," ","201908","20191227","20191227","B54J7U036"," ","42000","0","0","0","0"," "," ","ﾎｼｮｳｴﾝﾁｮｳｻｰﾋﾞｽ 5ﾈﾝ 2019/12","1","1","292","JPY"," "," ","8D48"," ","日本ステンレス八幡製鉄所様向けVPC-700"," ","KD-007714"," "," ","通常",
"RSFJK003","ZZZZZE5","ﾎｼｮｳｴﾝﾁｮｳｻｰﾋﾞｽ 5ﾈﾝ 2020/03","保証延長サービス　５年　１／２０ 2020年03月","1","SE","2916","2916","594","594","6.9","79.63","Xn","R","45403A","157373","195153","ｷ4403","協立電機　本社静岡"," "," ","41","保守"," "," ","03","役務完了基準","19070KE2","01","20190722","9","1","9","9","20190724","20190802","20200401"," ","201908","20200331","20200331","B54J7U036"," ","42000","0","0","0","0"," "," ","ﾎｼｮｳｴﾝﾁｮｳｻｰﾋﾞｽ 5ﾈﾝ 2020/03","1","1","292","JPY"," "," ","8D48"," ","日本ステンレス八幡製鉄所様向けVPC-700"," ","KD-007714"," "," ","通常",
"RSFJK004","ZZZZZE5","ﾎｼｮｳｴﾝﾁｮｳｻｰﾋﾞｽ 5ﾈﾝ 2020/06","保証延長サービス　５年　１／２０ 2020年06月","1","SE","2916","2916","594","594","6.9","79.63","Xn","R","45403A","157373","195153","ｷ4403","協立電機　本社静岡"," "," ","41","保守"," "," ","03","役務完了基準","19070KE2","01","20190722","9","1","9","9","20190724","20190802","20200701"," ","201908","20200630","20200630","B54J7U036"," ","42000","0","0","0","0"," "," ","ﾎｼｮｳｴﾝﾁｮｳｻｰﾋﾞｽ 5ﾈﾝ 2020/06","1","1","292","JPY"," "," ","8D48"," ","日本ステンレス八幡製鉄所様向けVPC-700"," ","KD-007714"," "," ","通常",
"RSFJK005","ZZZZZE5","ﾎｼｮｳｴﾝﾁｮｳｻｰﾋﾞｽ 5ﾈﾝ 2020/09","保証延長サービス　５年　１／２０ 2020年09月","1","SE","2916","2916","594","594","6.9","79.63","Xn","R","45403A","157373","195153","ｷ4403","協立電機　本社静岡"," "," ","41","保守"," "," ","03","役務完了基準","19070KE2","01","20190722","9","1","9","9","20190724","20190802","20201001"," ","201908","20200930","20200930","B54J7U036"," ","42000","0","0","0","0"," "," ","ﾎｼｮｳｴﾝﾁｮｳｻｰﾋﾞｽ 5ﾈﾝ 2020/09","1","1","292","JPY"," "," ","8D48"," ","日本ステンレス八幡製鉄所様向けVPC-700"," ","KD-007714"," "," ","通常",
"RSFJK006","ZZZZZE5","ﾎｼｮｳｴﾝﾁｮｳｻｰﾋﾞｽ 5ﾈﾝ 2020/12","保証延長サービス　５年　１／２０ 2020年12月","1","SE","2916","2916","594","594","6.9","79.63","Xn","R","45403A","157373","195153","ｷ4403","協立電機　本社静岡"," "," ","41","保守"," "," ","03","役務完了基準","19070KE2","01","20190722","9","1","9","9","20190724","20190802","20210105"," ","201908","20201225","20201225","B54J7U036"," ","42000","0","0","0","0"," "," ","ﾎｼｮｳｴﾝﾁｮｳｻｰﾋﾞｽ 5ﾈﾝ 2020/12","1","1","292","JPY"," "," ","8D48"," ","日本ステンレス八幡製鉄所様向けVPC-700"," ","KD-007714"," "," ","通常",
"RSFJK007","ZZZZZE5","ﾎｼｮｳｴﾝﾁｮｳｻｰﾋﾞｽ 5ﾈﾝ 2021/03","保証延長サービス　５年　１／２０ 2021年03月","1","SE","2916","2916","594","594","6.9","79.63","Xn","R","45403A","157373","195153","ｷ4403","協立電機　本社静岡"," "," ","41","保守"," "," ","03","役務完了基準","19070KE2","01","20190722","9","1","9","9","20190724","20190802","20210401"," ","201908","20210331","20210331","B54J7U036"," ","42000","0","0","0","0"," "," ","ﾎｼｮｳｴﾝﾁｮｳｻｰﾋﾞｽ 5ﾈﾝ 2021/03","1","1","292","JPY"," "," ","8D48"," ","日本ステンレス八幡製鉄所様向けVPC-700"," ","KD-007714"," "," ","通常",
"RSFJK008","ZZZZZE5","ﾎｼｮｳｴﾝﾁｮｳｻｰﾋﾞｽ 5ﾈﾝ 2021/06","保証延長サービス　５年　１／２０ 2021年06月","1","SE","2916","2916","594","594","6.9","79.63","Xn","R","45403A","157373","195153","ｷ4403","協立電機　本社静岡"," "," ","41","保守"," "," ","03","役務完了基準","19070KE2","01","20190722","9","1","9","9","20190724","20190802","20210701"," ","201908","20210630","20210630","B54J7U036"," ","42000","0","0","0","0"," "," ","ﾎｼｮｳｴﾝﾁｮｳｻｰﾋﾞｽ 5ﾈﾝ 2021/06","1","1","292","JPY"," "," ","8D48"," ","日本ステンレス八幡製鉄所様向けVPC-700"," ","KD-007714"," "," ","通常",
"RSFJK009","ZZZZZE5","ﾎｼｮｳｴﾝﾁｮｳｻｰﾋﾞｽ 5ﾈﾝ 2021/09","保証延長サービス　５年　１／２０ 2021年09月","1","SE","2916","2916","594","594","6.9","79.63","Xn","R","45403A","157373","195153","ｷ4403","協立電機　本社静岡"," "," ","41","保守"," "," ","03","役務完了基準","19070KE2","01","20190722","9","1","9","9","20190724","20190802","20211001"," ","201908","20210930","20210930","B54J7U036"," ","42000","0","0","0","0"," "," ","ﾎｼｮｳｴﾝﾁｮｳｻｰﾋﾞｽ 5ﾈﾝ 2021/09","1","1","292","JPY"," "," ","8D48"," ","日本ステンレス八幡製鉄所様向けVPC-700"," ","KD-007714"," "," ","通常",
"RSFJK010","ZZZZZE5","ﾎｼｮｳｴﾝﾁｮｳｻｰﾋﾞｽ 5ﾈﾝ 2021/12","保証延長サービス　５年　１／２０ 2021年12月","1","SE","2916","2916","594","594","6.9","79.63","Xn","R","45403A","157373","195153","ｷ4403","協立電機　本社静岡"," "," ","41","保守"," "," ","03","役務完了基準","19070KE2","01","20190722","9","1","9","9","20190724","20190802","20220105"," ","201908","20211227","20211227","B54J7U036"," ","42000","0","0","0","0"," "," ","ﾎｼｮｳｴﾝﾁｮｳｻｰﾋﾞｽ 5ﾈﾝ 2021/12","1","1","292","JPY"," "," ","8D48"," ","日本ステンレス八幡製鉄所様向けVPC-700"," ","KD-007714"," "," ","通常",
"RSFJK011","ZZZZZE5","ﾎｼｮｳｴﾝﾁｮｳｻｰﾋﾞｽ 5ﾈﾝ 2022/03","保証延長サービス　５年　１／２０ 2022年03月","1","SE","2916","2916","594","594","6.9","79.63","Xn","R","45403A","157373","195153","ｷ4403","協立電機　本社静岡"," "," ","41","保守"," "," ","03","役務完了基準","19070KE2","01","20190722","9","1","9","9","20190724","20190802","20220401"," ","201908","20220331","20220331","B54J7U036"," ","42000","0","0","0","0"," "," ","ﾎｼｮｳｴﾝﾁｮｳｻｰﾋﾞｽ 5ﾈﾝ 2022/03","1","1","292","JPY"," "," ","8D48"," ","日本ステンレス八幡製鉄所様向けVPC-700"," ","KD-007714"," "," ","通常",
"RSFJK012","ZZZZZE5","ﾎｼｮｳｴﾝﾁｮｳｻｰﾋﾞｽ 5ﾈﾝ 2022/06","保証延長サービス　５年　１／２０ 2022年06月","1","SE","2916","2916","594","594","6.9","79.63","Xn","R","45403A","157373","195153","ｷ4403","協立電機　本社静岡"," "," ","41","保守"," "," ","03","役務完了基準","19070KE2","01","20190722","9","1","9","9","20190724","20190802","20220701"," ","201908","20220630","20220630","B54J7U036"," ","42000","0","0","0","0"," "," ","ﾎｼｮｳｴﾝﾁｮｳｻｰﾋﾞｽ 5ﾈﾝ 2022/06","1","1","292","JPY"," "," ","8D48"," ","日本ステンレス八幡製鉄所様向けVPC-700"," ","KD-007714"," "," ","通常",
"RSFJK013","ZZZZZE5","ﾎｼｮｳｴﾝﾁｮｳｻｰﾋﾞｽ 5ﾈﾝ 2022/09","保証延長サービス　５年　１／２０ 2022年09月","1","SE","2916","2916","594","594","6.9","79.63","Xn","R","45403A","157373","195153","ｷ4403","協立電機　本社静岡"," "," ","41","保守"," "," ","03","役務完了基準","19070KE2","01","20190722","9","1","9","9","20190724","20190802","20221003"," ","201908","20220930","20220930","B54J7U036"," ","42000","0","0","0","0"," "," ","ﾎｼｮｳｴﾝﾁｮｳｻｰﾋﾞｽ 5ﾈﾝ 2022/09","1","1","292","JPY"," "," ","8D48"," ","日本ステンレス八幡製鉄所様向けVPC-700"," ","KD-007714"," "," ","通常",
"RSFJK014","ZZZZZE5","ﾎｼｮｳｴﾝﾁｮｳｻｰﾋﾞｽ 5ﾈﾝ 2022/12","保証延長サービス　５年　１／２０ 2022年12月","1","SE","2916","2916","594","594","6.9","79.63","Xn","R","45403A","157373","195153","ｷ4403","協立電機　本社静岡"," "," ","41","保守"," "," ","03","役務完了基準","19070KE2","01","20190722","9","1","9","9","20190724","20190802","20230105"," ","201908","20221227","20221227","B54J7U036"," ","42000","0","0","0","0"," "," ","ﾎｼｮｳｴﾝﾁｮｳｻｰﾋﾞｽ 5ﾈﾝ 2022/12","1","1","292","JPY"," "," ","8D48"," ","日本ステンレス八幡製鉄所様向けVPC-700"," ","KD-007714"," "," ","通常",
"RSFJK015","ZZZZZE5","ﾎｼｮｳｴﾝﾁｮｳｻｰﾋﾞｽ 5ﾈﾝ 2023/03","保証延長サービス　５年　１／２０ 2023年03月","1","SE","2916","2916","594","594","6.9","79.63","Xn","R","45403A","157373","195153","ｷ4403","協立電機　本社静岡"," "," ","41","保守"," "," ","03","役務完了基準","19070KE2","01","20190722","9","1","9","9","20190724","20190802","20230403"," ","201908","20230331","20230331","B54J7U036"," ","42000","0","0","0","0"," "," ","ﾎｼｮｳｴﾝﾁｮｳｻｰﾋﾞｽ 5ﾈﾝ 2023/03","1","1","292","JPY"," "," ","8D48"," ","日本ステンレス八幡製鉄所様向けVPC-700"," ","KD-007714"," "," ","通常",
"RSFJK016","ZZZZZE5","ﾎｼｮｳｴﾝﾁｮｳｻｰﾋﾞｽ 5ﾈﾝ 2023/06","保証延長サービス　５年　１／２０ 2023年06月","1","SE","2916","2916","594","594","6.9","79.63","Xn","R","45403A","157373","195153","ｷ4403","協立電機　本社静岡"," "," ","41","保守"," "," ","03","役務完了基準","19070KE2","01","20190722","9","1","9","9","20190724","20190802","20230703"," ","201908","20230630","20230630","B54J7U036"," ","42000","0","0","0","0"," "," ","ﾎｼｮｳｴﾝﾁｮｳｻｰﾋﾞｽ 5ﾈﾝ 2023/06","1","1","292","JPY"," "," ","8D48"," ","日本ステンレス八幡製鉄所様向けVPC-700"," ","KD-007714"," "," ","通常",
"RSFJK017","ZZZZZE5","ﾎｼｮｳｴﾝﾁｮｳｻｰﾋﾞｽ 5ﾈﾝ 2023/09","保証延長サービス　５年　１／２０ 2023年09月","1","SE","2916","2916","594","594","6.9","79.63","Xn","R","45403A","157373","195153","ｷ4403","協立電機　本社静岡"," "," ","41","保守"," "," ","03","役務完了基準","19070KE2","01","20190722","9","1","9","9","20190724","20190802","20231002"," ","201908","20230929","20230929","B54J7U036"," ","42000","0","0","0","0"," "," ","ﾎｼｮｳｴﾝﾁｮｳｻｰﾋﾞｽ 5ﾈﾝ 2023/09","1","1","292","JPY"," "," ","8D48"," ","日本ステンレス八幡製鉄所様向けVPC-700"," ","KD-007714"," "," ","通常",
"RSFJK018","ZZZZZE5","ﾎｼｮｳｴﾝﾁｮｳｻｰﾋﾞｽ 5ﾈﾝ 2023/12","保証延長サービス　５年　１／２０ 2023年12月","1","SE","2916","2916","594","594","6.9","79.63","Xn","R","45403A","157373","195153","ｷ4403","協立電機　本社静岡"," "," ","41","保守"," "," ","03","役務完了基準","19070KE2","01","20190722","9","1","9","9","20190724","20190802","20240109"," ","201908","20231227","20231227","B54J7U036"," ","42000","0","0","0","0"," "," ","ﾎｼｮｳｴﾝﾁｮｳｻｰﾋﾞｽ 5ﾈﾝ 2023/12","1","1","292","JPY"," "," ","8D48"," ","日本ステンレス八幡製鉄所様向けVPC-700"," ","KD-007714"," "," ","通常",
"RSFJK019","ZZZZZE5","ﾎｼｮｳｴﾝﾁｮｳｻｰﾋﾞｽ 5ﾈﾝ 2024/03","保証延長サービス　５年　１／２０ 2024年03月","1","SE","2916","2916","594","594","6.9","79.63","Xn","R","45403A","157373","195153","ｷ4403","協立電機　本社静岡"," "," ","41","保守"," "," ","03","役務完了基準","19070KE2","01","20190722","9","1","9","9","20190724","20190802","20240401"," ","201908","20240329","20240329","B54J7U036"," ","42000","0","0","0","0"," "," ","ﾎｼｮｳｴﾝﾁｮｳｻｰﾋﾞｽ 5ﾈﾝ 2024/03","1","1","292","JPY"," "," ","8D48"," ","日本ステンレス八幡製鉄所様向けVPC-700"," ","KD-007714"," "," ","通常",
"RSFJK020","ZZZZZE5","ﾎｼｮｳｴﾝﾁｮｳｻｰﾋﾞｽ 5ﾈﾝ 2024/06","保証延長サービス　５年　１／２０ 2024年06月","1","SE","2916","2916","594","594","6.9","79.63","Xn","R","45403A","157373","195153","ｷ4403","協立電機　本社静岡"," "," ","41","保守"," "," ","03","役務完了基準","19070KE2","01","20190722","9","1","9","9","20190724","20190802","20240701"," ","201908","20240628","20240628","B54J7U036"," ","42000","0","0","0","0"," "," ","ﾎｼｮｳｴﾝﾁｮｳｻｰﾋﾞｽ 5ﾈﾝ 2024/06","1","1","292","JPY"," "," ","8D48"," ","日本ステンレス八幡製鉄所様向けVPC-700"," ","KD-007714"," "," ","通常",
"RSFJK021","ZZZZZE5","ﾎｼｮｳｴﾝﾁｮｳｻｰﾋﾞｽ 5ﾈﾝ 2024/08","保証延長サービス　５年　１／２０ 2024年08月","1","SE","1944","1944","396","396","4.6","79.63","Xn","R","45403A","157373","195153","ｷ4403","協立電機　本社静岡"," "," ","41","保守"," "," ","03","役務完了基準","19070KE2","01","20190722","9","1","9","9","20190724","20190802","20240827"," ","201908","20240826","20240826","B54J7U036"," ","42000","0","0","0","0"," "," ","ﾎｼｮｳｴﾝﾁｮｳｻｰﾋﾞｽ 5ﾈﾝ 2024/08","1","1","194","JPY"," "," ","8D48"," ","日本ステンレス八幡製鉄所様向けVPC-700"," ","KD-007714"," "," ","通常",

